key,context,english,arabic,french
# ──────────────────────────────────────────────,,,,
# COMMON / SHARED,,,,
# ──────────────────────────────────────────────,,,,
common_cancel,Dialog/button cancel,Cancel,إلغاء,Annuler
common_delete,Dialog/button delete,Delete,حذف,Supprimer
common_save,Button save,Save,حفظ,Enregistrer
common_ok,Dialog confirm,OK,حسناً,OK
common_edit,Button/tooltip edit,Edit,تعديل,Modifier
common_add,Button add,Add,إضافة,Ajouter
common_close,Button close,Close,إغلاق,Fermer
common_back,Button back,Back,رجوع,Retour
common_next,Button next,Next,التالي,Suivant
common_retry,Button retry,Retry,إعادة المحاولة,Réessayer
common_reset,Button reset,Reset,إعادة تعيين,Réinitialiser
common_done,Button done,Done,تم,Terminé
common_confirm,Button confirm,Confirm,تأكيد,Confirmer
common_loading,Loading spinner text,Loading…,جارٍ التحميل…,Chargement…
common_search_hint,Search field hint,Search…,بحث…,Rechercher…
common_none,Dropdown option none,None,لا شيء,Aucun
common_today,Date label,Today,اليوم,Aujourd'hui
common_yesterday,Date label,Yesterday,أمس,Hier
common_got_it,Dismiss button,Got it,فهمت,Compris
common_go_back,Dialog button,Go Back,الرجوع,Retour
common_save_anyway,Dialog button,Save Anyway,حفظ على أي حال,Enregistrer quand même
common_something_went_wrong,Default error message,Something went wrong,حدث خطأ ما,Une erreur est survenue
common_show_details,Expandable toggle,Show details,إظهار التفاصيل,Afficher les détails
common_hide_details,Expandable toggle,Hide details,إخفاء التفاصيل,Masquer les détails
common_remove,Button remove,Remove,إزالة,Retirer
common_enable,Button enable,Enable,تفعيل,Activer
common_change,Button change,Change,تغيير,Modifier
common_fund,Button fund,Fund,تمويل,Financer
common_no_data,Empty state,No data,لا توجد بيانات,Aucune donnée
# ──────────────────────────────────────────────,,,,
# APP / BRANDING,,,,
# ──────────────────────────────────────────────,,,,
app_name,MaterialApp title / splash / lock,BudgetSeal,BudgetSeal,BudgetSeal
app_tagline,Splash screen tagline,Budget with purpose,ميزانية بهدف,Budgétiser avec intention
app_tagline_about,About screen tagline,"Envelope budgeting, simplified.",ميزانية الأظرف بكل بساطة.,"Budget par enveloppes, simplifié."
app_brand_abbr,Web sidebar logo abbreviation,PP,PP,PP
# ──────────────────────────────────────────────,,,,
# NAVIGATION — Bottom tabs,,,,
# ──────────────────────────────────────────────,,,,
tab_home,Bottom nav tab,Home,الرئيسية,Accueil
tab_activity,Bottom nav tab,Activity,النشاط,Activité
tab_budget,Bottom nav tab,Budget,الميزانية,Budget
tab_reports,Bottom nav tab,Reports,التقارير,Rapports
tab_more,Bottom nav tab,More,المزيد,Plus
nav_press_back_to_exit,Snackbar on double-back,Press back again to exit,اضغط مرة أخرى للخروج,Appuyez à nouveau pour quitter
# ──────────────────────────────────────────────,,,,
# NAVIGATION — Web sidebar,,,,
# ──────────────────────────────────────────────,,,,
nav_dashboard,Web sidebar label,Dashboard,لوحة التحكم,Tableau de bord
nav_transactions,Web sidebar label,Transactions,المعاملات,Transactions
nav_categories,Web sidebar label,Categories,الفئات,Catégories
nav_accounts,Web sidebar label,Accounts,الحسابات,Comptes
nav_envelopes,Web sidebar label,Envelopes,الأظرف,Enveloppes
nav_recurring,Web sidebar label,Recurring,المتكررة,Récurrents
nav_subscriptions,Web sidebar label,Subscriptions,الاشتراكات,Abonnements
nav_reports,Web sidebar label,Reports,التقارير,Rapports
nav_server_status,Web sidebar connection label,Server,الخادم,Serveur
nav_sign_out,Web sidebar button,Sign out,تسجيل الخروج,Déconnexion
# ──────────────────────────────────────────────,,,,
# TRANSACTION TYPES,,,,
# ──────────────────────────────────────────────,,,,
type_income,Transaction type label,Income,الدخل,Revenu
type_expense,Transaction type label,Expense,مصروف,Dépense
type_transfer,Transaction type label,Transfer,تحويل,Virement
type_all,Filter chip,All,الكل,Tout
# ──────────────────────────────────────────────,,,,
# DASHBOARD,,,,
# ──────────────────────────────────────────────,,,,
dashboard_welcome_title,First-visit hint banner title,Welcome to BudgetSeal!,مرحباً بك في BudgetSeal!,Bienvenue sur BudgetSeal !
dashboard_welcome_body,First-visit hint banner body,This is your financial overview. Tap the quick actions below to start recording transactions.,هذه نظرتك المالية العامة. اضغط على الإجراءات السريعة أدناه لبدء تسجيل المعاملات.,Voici votre aperçu financier. Appuyez sur les actions rapides ci-dessous pour commencer à enregistrer des transactions.
dashboard_household_label,Header subtitle,Household,الأسرة,Foyer
dashboard_default_name,Fallback household name,BudgetSeal,BudgetSeal,BudgetSeal
dashboard_customize_tooltip,Customize button tooltip,Customize,تخصيص,Personnaliser
dashboard_search_tooltip,Search button tooltip,Search,بحث,Rechercher
dashboard_quick_transfer,Quick action button,Transfer,تحويل,Virement
dashboard_quick_fund,Quick action button,Fund,تمويل,Financer
dashboard_quick_split,Quick action button,Split,تقسيم,Diviser
dashboard_section_your_money,Section header,Your Money,أموالك,Votre argent
dashboard_ready_to_assign,Unallocated label,Ready to assign,جاهز للتوزيع,Prêt à affecter
dashboard_money_not_in_envelope,Unallocated subtitle,Money not yet in an envelope,أموال لم تُوزَّع بعد على ظرف,Argent pas encore dans une enveloppe
dashboard_section_activity,Section header,Activity,النشاط,Activité
dashboard_quick_templates,Section title,Quick Templates,قوالب سريعة,Modèles rapides
dashboard_view_all,Link text,View all,عرض الكل,Voir tout
dashboard_recent,Section title,Recent,الأخيرة,Récent
dashboard_no_transactions_yet,Empty state,No transactions yet,لا توجد معاملات بعد,Aucune transaction pour le moment
dashboard_no_transactions_today,Nudge banner,No transactions today — tap + to add one,لا معاملات اليوم — اضغط + لإضافة واحدة,Aucune transaction aujourd'hui — appuyez sur + pour en ajouter
dashboard_total_across_accounts,Net worth subtitle,Total across all accounts,الإجمالي عبر جميع الحسابات,Total de tous les comptes
dashboard_label_expenses,Mini stat label,Expenses,مصاريف,Dépenses
dashboard_label_net,Mini stat label,Net,صافي,Net
dashboard_spent,Donut chart center,spent,مُنفَق,dépensé
dashboard_no_spending,Empty donut placeholder,No spending,لا إنفاق,Aucune dépense
dashboard_last_7_days,Toggle label,Last 7 Days,آخر 7 أيام,7 derniers jours
dashboard_this_month,Toggle label,This Month,هذا الشهر,Ce mois-ci
dashboard_envelopes,Card title,Envelopes,الأظرف,Enveloppes
dashboard_on_track,Envelope health status,On track,على المسار,En bonne voie
dashboard_running_low,Envelope health status,Running low,ينفد,Presque épuisé
dashboard_overspent,Envelope health status,Overspent,تجاوز الحد,Dépassé
dashboard_heads_up,Budget insights header,Heads up,تنبيه,Attention
dashboard_is_over_limit,"Budget insight ""{name} is {amount} over its limit""",is {amount} over its limit,تجاوز حده بمقدار {amount},dépasse sa limite de {amount}
dashboard_has_percent_left,"Budget insight ""{name} has only {percent}% left""",has only {percent}% left,لم يتبقَّ منه سوى {percent}%,n'a plus que {percent}% restant
dashboard_budget_left_of,Status card (under budget),{amount} left of {total} budget,{amount} متبقٍّ من ميزانية {total},{amount} restant sur un budget de {total}
dashboard_budget_over,Status card (over budget),{amount} over {total} budget,{amount} فوق ميزانية {total},{amount} au-dessus du budget de {total}
dashboard_spending_per_day,Velocity line,Spending {amount}/day · ~{projected} by month end,إنفاق {amount}/يوم · ~{projected} نهاية الشهر,Dépenses {amount}/jour · ~{projected} en fin de mois
dashboard_money_sits_1_day,Age of money (singular),Money sits 1 day before being spent,المال يبقى يوماً واحداً قبل إنفاقه,L'argent reste 1 jour avant d'être dépensé
dashboard_money_sits_n_days,Age of money (plural),Money sits {n} days before being spent,المال يبقى {n} أيام قبل إنفاقه,L'argent reste {n} jours avant d'être dépensé
dashboard_age_of_money_title,Info dialog title,Age of Money,عمر المال,Âge de l'argent
dashboard_age_of_money_explanation,Info dialog content,"This shows how long money sits in your accounts before you spend it.\n\nThink of it as a buffer:\n\n• Under 14 days — you're spending money almost as fast as it comes in\n• 14–30 days — you have a small cushion, getting ahead\n• 30–60 days — you're spending last month's income. Great!\n• 60+ days — strong financial health, big safety net\n\nThe goal is to increase this number over time. The higher it is, the more financially secure you are.",يُظهر مدة بقاء المال في حساباتك قبل إنفاقه.\n\nاعتبره احتياطياً:\n\n• أقل من 14 يوماً — تنفق المال بنفس سرعة وروده\n• 14–30 يوماً — لديك هامش بسيط\n• 30–60 يوماً — تنفق دخل الشهر الماضي. ممتاز!\n• 60+ يوماً — صحة مالية قوية\n\nالهدف زيادة هذا الرقم بمرور الوقت.,Cela montre combien de temps l'argent reste dans vos comptes avant d'être dépensé.\n\nConsidérez-le comme un tampon :\n\n• Moins de 14 jours — vous dépensez aussi vite que l'argent arrive\n• 14–30 jours — vous avez un petit coussin\n• 30–60 jours — vous dépensez le revenu du mois dernier. Excellent !\n• 60+ jours — excellente santé financière\n\nL'objectif est d'augmenter ce nombre avec le temps.
dashboard_search_placeholder,Global search hint,"Search transactions, accounts...",البحث في المعاملات والحسابات...,"Rechercher transactions, comptes..."
dashboard_type_at_least_2,Search hint,Type at least 2 characters,اكتب حرفين على الأقل,Tapez au moins 2 caractères
dashboard_no_results_for,Search empty state,"No results for ""{query}""","لا نتائج لـ """"{query}""""",Aucun résultat pour « {query} »
dashboard_search_accounts,Search section header,Accounts,الحسابات,Comptes
dashboard_search_categories,Search section header,Categories,الفئات,Catégories
dashboard_search_transactions,Search section header,Transactions,المعاملات,Transactions
dashboard_other_category,Fallback category name,Other,أخرى,Autre
# ──────────────────────────────────────────────,,,,
# DASHBOARD CUSTOMIZE,,,,
# ──────────────────────────────────────────────,,,,
customize_title,Bottom sheet title,Customize Dashboard,تخصيص لوحة التحكم,Personnaliser le tableau de bord
customize_instructions,Instructions text,Drag to reorder. Toggle to show/hide sections.,اسحب لإعادة الترتيب. بدّل لإظهار/إخفاء الأقسام.,Glissez pour réorganiser. Basculez pour afficher/masquer.
dashboard_section_status_label,Section label,Status Card,بطاقة الحالة,Carte de statut
dashboard_section_status_desc,Section description,"Budget status, velocity, age of money",حالة الميزانية، السرعة، عمر المال,"Statut du budget, vélocité, âge de l'argent"
dashboard_section_spending_label,Section label,Spending Overview,نظرة عامة على الإنفاق,Aperçu des dépenses
dashboard_section_spending_desc,Section description,Donut chart with category breakdown,رسم بياني دائري مع تفصيل الفئات,Graphique en anneau avec répartition par catégorie
dashboard_section_quick_label,Section label,Quick Actions,إجراءات سريعة,Actions rapides
dashboard_section_quick_desc,Section description,"Expense, income, transfer, fund",مصروف، دخل، تحويل، تمويل,"Dépense, revenu, virement, financement"
dashboard_section_money_label,Section label,Your Money,أموالك,Votre argent
dashboard_section_money_desc,Section description,"Bills, net worth and unallocated",الفواتير وصافي الثروة وغير المخصص,"Factures, patrimoine et non alloué"
dashboard_section_unallocated_label,Section label,Ready to Assign,جاهز للتوزيع,Prêt à affecter
dashboard_section_unallocated_desc,Section description,Unallocated funds,أموال غير موزعة,Fonds non affectés
dashboard_section_activity_label,Section label,Recent Activity,النشاط الأخير,Activité récente
dashboard_section_activity_desc,Section description,Templates and recent transactions,القوالب والمعاملات الأخيرة,Modèles et transactions récentes
# ──────────────────────────────────────────────,,,,
# TRANSACTIONS — List screen,,,,
# ──────────────────────────────────────────────,,,,
tx_title,Screen title,Transactions,المعاملات,Transactions
tx_intro_title,Hint banner title,Your transactions,معاملاتك,Vos transactions
tx_intro_body,Hint banner body,"Your transactions appear here grouped by date. Swipe left to delete, right to edit. Long-press for more options.",تظهر معاملاتك هنا مجمّعة حسب التاريخ. مرر لليسار للحذف، لليمين للتعديل. اضغط مطوّلاً لمزيد من الخيارات.,"Vos transactions apparaissent ici groupées par date. Glissez à gauche pour supprimer, à droite pour modifier. Appui long pour plus d'options."
tx_delete_selected_title,Bulk delete dialog title,Delete selected?,حذف المحددة؟,Supprimer la sélection ?
tx_delete_selected_content,Bulk delete dialog,Delete {count} transaction(s)? This will reverse any envelope deductions.,حذف {count} معاملة(ات)؟ سيتم التراجع عن أي خصومات من الأظرف.,Supprimer {count} transaction(s) ? Cela annulera les déductions des enveloppes.
tx_n_deleted,Snackbar after bulk delete,{count} transaction(s) deleted,تم حذف {count} معاملة(ات),{count} transaction(s) supprimée(s)
tx_n_selected,Selection mode bar,{count} selected,{count} محددة,{count} sélectionnée(s)
tx_delete_selected_tooltip,Selection delete tooltip,Delete selected,حذف المحدد,Supprimer la sélection
tx_search_hint,Search field hint,Search transactions...,البحث في المعاملات...,Rechercher des transactions...
tx_close_search,Close search tooltip,Close search,إغلاق البحث,Fermer la recherche
tx_filter_tooltip,Filter button tooltip,Filter transactions,تصفية المعاملات,Filtrer les transactions
tx_search_tooltip,Search button tooltip,Search transactions,البحث في المعاملات,Rechercher les transactions
tx_list_settings_tooltip,Settings button tooltip,List settings,إعدادات القائمة,Paramètres de la liste
tx_quick_add_hint,Quick-add bar placeholder,"Type name and amount, e.g. Coffee 4.50",اكتب الاسم والمبلغ، مثال: قهوة 4.50,"Tapez le nom et le montant, ex. Café 4.50"
tx_send_tooltip,Quick-add send tooltip,Send,إرسال,Envoyer
tx_scroll_top_tooltip,FAB tooltip,Scroll to top,التمرير للأعلى,Retour en haut
tx_split_bill_tooltip,FAB tooltip,Split Bill,تقسيم الفاتورة,Partager l'addition
tx_add_tooltip,FAB tooltip,Add transaction,إضافة معاملة,Ajouter une transaction
tx_from_date,Date range filter,From date,من تاريخ,Du
tx_to_date,Date range filter,To date,إلى تاريخ,Au
tx_min_amount,Amount range hint,Min,الحد الأدنى,Min
tx_max_amount,Amount range hint,Max,الحد الأقصى,Max
tx_clear_filters,Filter clear link,Clear advanced filters,مسح الفلاتر المتقدمة,Effacer les filtres avancés
tx_select_year,Year picker dialog title,Select Year,اختر السنة,Choisir l'année
tx_filtered_category,Category filter chip,Filtered: {categoryName},مصفّى: {categoryName},Filtré : {categoryName}
tx_no_category_in_month,Empty state with category filter,No {categoryName} transactions in {monthLabel},لا معاملات {categoryName} في {monthLabel},Aucune transaction {categoryName} en {monthLabel}
tx_no_matching,Empty state with filters,No matching transactions,لا معاملات مطابقة,Aucune transaction correspondante
tx_no_yet,Empty state,No transactions yet,لا توجد معاملات بعد,Aucune transaction pour le moment
tx_tap_plus,Empty state subtitle,Tap + to record one,اضغط + لتسجيل واحدة,Appuyez sur + pour en ajouter
tx_add_first,Empty state button,Add your first transaction,أضف أول معاملة,Ajoutez votre première transaction
tx_spent_of_budget,Budget progress bar,Spent {spent} of {budget} budget,أُنفق {spent} من ميزانية {budget},{spent} dépensé sur un budget de {budget}
tx_total_cash_flow,Footer summary,Total cash flow: {amount} · {count} transaction(s),إجمالي التدفق النقدي: {amount} · {count} معاملة(ات),Flux total : {amount} · {count} transaction(s)
tx_n_items,Multi-line display,{count} items,{count} عناصر,{count} éléments
tx_n_more,Multi-line suffix,+{count} more,+{count} أخرى,+{count} de plus
tx_context_edit,Context menu,Edit,تعديل,Modifier
tx_context_duplicate,Context menu,Duplicate,تكرار,Dupliquer
tx_delete_title,Delete dialog title,Delete transaction?,حذف المعاملة؟,Supprimer la transaction ?
tx_delete_cannot_undo,Delete dialog content,This action cannot be undone.,لا يمكن التراجع عن هذا الإجراء.,Cette action est irréversible.
tx_delete_short,Swipe-to-delete title,Delete?,حذف؟,Supprimer ?
tx_delete_with_reversal,Swipe-to-delete content,Delete {label}? This will reverse any envelope deductions.,حذف {label}؟ سيتم التراجع عن خصومات الأظرف.,Supprimer {label} ? Cela annulera les déductions des enveloppes.
tx_n_accounts,Multi-account label,{count} accounts,{count} حسابات,{count} comptes
# ──────────────────────────────────────────────,,,,
# TRANSACTIONS — Add/Edit form,,,,
# ──────────────────────────────────────────────,,,,
tx_form_edit_title,AppBar title editing,Edit,تعديل,Modifier
tx_form_new_title,AppBar title creating,New Transaction,معاملة جديدة,Nouvelle transaction
tx_form_note_hint,Note field hint,Add a note…,أضف ملاحظة…,Ajouter une note…
tx_form_title_hint,Title field hint,"Title (e.g. Coffee, Groceries)",العنوان (مثل: قهوة، بقالة),"Titre (ex. Café, Courses)"
tx_form_use_template,Template button tooltip,Use Template,استخدام قالب,Utiliser un modèle
tx_form_auto_detected,Auto-fill label,Auto-detected,تم الكشف تلقائياً,Détecté automatiquement
tx_form_no_category,No category label,No category,بدون فئة,Aucune catégorie
tx_form_from_account,Transfer source hint,From account,من حساب,Depuis le compte
tx_form_to_account,Transfer dest hint,To account,إلى حساب,Vers le compte
tx_form_dest_receives,Transfer exchange label,Destination receives:,المستلم يتلقى:,Le destinataire reçoit :
tx_form_add_item,Add line item button,Add item,إضافة عنصر,Ajouter un élément
tx_form_total,Total label for multi-line,Total,الإجمالي,Total
tx_form_select_source,Validation error,Select a source account,اختر حساب المصدر,Sélectionnez un compte source
tx_form_select_dest,Validation error,Select a destination account,اختر حساب الوجهة,Sélectionnez un compte de destination
tx_form_source_dest_differ,Validation error,Source and destination must differ,يجب أن يختلف المصدر عن الوجهة,La source et la destination doivent être différents
tx_form_enter_amount,Validation error,Enter an amount,أدخل مبلغاً,Saisissez un montant
tx_form_select_account_item,Validation error,Select an account for item {n},اختر حساباً للعنصر {n},Sélectionnez un compte pour l'élément {n}
tx_form_select_account,Validation error,Select an account for the transaction,اختر حساباً للمعاملة,Sélectionnez un compte pour la transaction
tx_form_enter_amount_item,Validation error,Enter an amount for item {n},أدخل مبلغاً للعنصر {n},Saisissez un montant pour l'élément {n}
tx_form_enter_amount_tx,Validation error,Enter an amount for the transaction,أدخل مبلغاً للمعاملة,Saisissez un montant pour la transaction
tx_form_rate_not_set_title,Dialog title,Exchange rate not set,لم يتم تعيين سعر الصرف,Taux de change non défini
tx_form_rate_not_set_content,Dialog content,"Save anyway, or go back to set the rate?",الحفظ على أي حال، أم العودة لتعيين السعر؟,"Enregistrer quand même, ou revenir définir le taux ?"
tx_form_duplicate_title,Dialog title,Possible Duplicate,معاملة مكررة محتملة,Doublon possible
tx_form_duplicate_content,Dialog content,"A similar transaction with the same amount, category, and date already exists. Save anyway?",توجد معاملة مشابهة بنفس المبلغ والفئة والتاريخ. حفظ على أي حال؟,"Une transaction similaire avec le même montant, catégorie et date existe déjà. Enregistrer quand même ?"
tx_form_saved,Success snackbar,Transaction saved,تم حفظ المعاملة,Transaction enregistrée
tx_form_saved_envelope,Success with envelope,Transaction saved · {envelopeName} envelope updated,تم حفظ المعاملة · تم تحديث ظرف {envelopeName},Transaction enregistrée · Enveloppe {envelopeName} mise à jour
tx_form_error_saving,Error snackbar,Error saving: {error},خطأ في الحفظ: {error},Erreur lors de l'enregistrement : {error}
tx_form_receipt_attached,Receipt indicator,Receipt attached,إيصال مرفق,Reçu joint
tx_form_n_receipts,Multiple receipts,{count} receipts attached,{count} إيصالات مرفقة,{count} reçus joints
tx_form_add_more,Add receipts tooltip,Add more,إضافة المزيد,Ajouter plus
tx_form_scan_receipt,Receipt button,Scan Receipt,مسح الإيصال,Scanner le reçu
tx_form_gallery,Gallery button,Gallery,المعرض,Galerie
# ──────────────────────────────────────────────,,,,
# TRANSACTIONS — Detail screen,,,,
# ──────────────────────────────────────────────,,,,
tx_detail_title,AppBar title,Transaction Details,تفاصيل المعاملة,Détails de la transaction
tx_detail_not_found,Error state,Transaction not found,المعاملة غير موجودة,Transaction introuvable
tx_detail_copied,Snackbar,Copied {amount},تم نسخ {amount},{amount} copié
tx_detail_date,Detail label,Date,التاريخ,Date
tx_detail_time,Detail label,Time,الوقت,Heure
tx_detail_accounts,Detail label (multi),Accounts,الحسابات,Comptes
tx_detail_note,Detail label,Note,ملاحظة,Note
tx_detail_unknown_account,Fallback,Unknown,غير معروف,Inconnu
tx_detail_split_items,Section header,SPLIT ITEMS ({count}),عناصر مقسمة ({count}),ÉLÉMENTS RÉPARTIS ({count})
tx_detail_line_detail,Section header,Line detail,تفاصيل السطر,Détail de la ligne
tx_detail_uncategorized,Fallback,Uncategorized,بدون فئة,Non catégorisé
tx_detail_related_single,Section header,Related transaction,معاملة مرتبطة,Transaction liée
tx_detail_related_plural,Section header,Related transactions,معاملات مرتبطة,Transactions liées
tx_detail_receipts,Section header,Receipts ({count}),الإيصالات ({count}),Reçus ({count})
tx_detail_receipt,Section header no items,Receipt,الإيصال,Reçu
tx_detail_attach,Attach link,Attach,إرفاق,Joindre
tx_detail_no_receipt,Empty state,No receipt attached,لا يوجد إيصال مرفق,Aucun reçu joint
tx_detail_delete_title,Delete dialog title,Delete Transaction,حذف المعاملة,Supprimer la transaction
tx_detail_delete_content,Delete dialog content,Are you sure you want to delete this transaction?\n\nThis will reverse any envelope deductions and restore the balance. Ledger entries will be removed.\n\nThis cannot be undone.,هل أنت متأكد من حذف هذه المعاملة؟\n\nسيتم التراجع عن خصومات الأظرف واستعادة الرصيد. ستُزال إدخالات السجل.\n\nلا يمكن التراجع عن هذا.,Voulez-vous vraiment supprimer cette transaction ?\n\nCela annulera les déductions des enveloppes et restaurera le solde. Les écritures seront supprimées.\n\nCette action est irréversible.
# ──────────────────────────────────────────────,,,,
# TRANSACTIONS — Assisted flow,,,,
# ──────────────────────────────────────────────,,,,
tx_af_discard_title,Back confirmation title,Discard transaction?,Abandonner المعاملة؟,Abandonner la transaction ?
tx_af_discard_content,Back confirmation content,You have an unsaved transaction. Are you sure you want to go back?,لديك معاملة غير محفوظة. هل تريد العودة؟,Vous avez une transaction non enregistrée. Voulez-vous revenir en arrière ?
tx_af_keep_editing,Dialog button,Keep editing,متابعة التعديل,Continuer l'édition
tx_af_discard,Dialog button,Discard,تجاهل,Abandonner
tx_af_enter_title,Step 1 title,Enter Title,أدخل العنوان,Saisir le titre
tx_af_transfer_note_hint,Transfer note hint,"Note (e.g. rent, savings)",ملاحظة (مثل: إيجار، ادخار),"Note (ex. loyer, épargne)"
tx_af_enter_amount_button,Button,Enter Amount,إدخال المبلغ,Saisir le montant
tx_af_select_category_button,Button,Select Category,اختيار الفئة,Choisir la catégorie
tx_af_select_category_title,Popup title,Select Category,اختيار الفئة,Choisir la catégorie
tx_af_search_categories,Search hint,Search categories...,البحث في الفئات...,Rechercher des catégories...
tx_af_new_category,Button,New Category,فئة جديدة,Nouvelle catégorie
tx_af_enter_amount_title,AppBar title,Enter Amount,إدخال المبلغ,Saisir le montant
tx_af_from_account,Account label (transfer),From Account,من حساب,Compte source
tx_af_to_account,Account label (transfer),To Account,إلى حساب,Compte destination
tx_af_tap_to_select,Placeholder,Tap to select,اضغط للاختيار,Appuyez pour sélectionner
tx_af_add_account,Button,Add Account,إضافة حساب,Ajouter un compte
tx_af_exchange_rate_required,Section title,Exchange Rate Required,سعر الصرف مطلوب,Taux de change requis
tx_af_how_many_per,Exchange rate prompt,How many {sourceCurrency} per 1 {destCurrency}?,كم {sourceCurrency} مقابل 1 {destCurrency}؟,Combien de {sourceCurrency} pour 1 {destCurrency} ?
tx_af_tap_to_enter_rate,Rate hint,Tap to enter rate,اضغط لإدخال السعر,Appuyez pour saisir le taux
tx_af_recipient_gets,Conversion preview,Recipient gets = {amount},المستلم يحصل على = {amount},Le destinataire reçoit = {amount}
tx_af_fetching_rate,Loading text,Fetching rate for {currency}...,جارٍ جلب سعر {currency}...,Récupération du taux pour {currency}...
tx_af_enter_amount_first,Snackbar,Enter an amount for this item first,أدخل مبلغاً لهذا العنصر أولاً,Saisissez d'abord un montant pour cet élément
tx_af_please_select_account,Snackbar,Please select an account,الرجاء اختيار حساب,Veuillez sélectionner un compte
tx_af_please_select_dest,Snackbar,Please select a destination account,الرجاء اختيار حساب الوجهة,Veuillez sélectionner un compte de destination
tx_af_mixed_title,Dialog title,Mixed transaction,معاملة مختلطة,Transaction mixte
tx_af_add_another,Button,Add another item,إضافة عنصر آخر,Ajouter un autre élément
tx_af_save_transfer,Save button,Save Transfer,حفظ التحويل,Enregistrer le virement
tx_af_save_n_items,Save button,Save {count} Items,حفظ {count} عناصر,Enregistrer {count} éléments
tx_af_add_transaction,Save button,Add Transaction,إضافة معاملة,Ajouter une transaction
# ──────────────────────────────────────────────,,,,
# TRANSACTIONS — Category sheet,,,,
# ──────────────────────────────────────────────,,,,
cat_sheet_new,New button,New,جديد,Nouveau
cat_sheet_name_hint,Text field hint,Category name,اسم الفئة,Nom de la catégorie
cat_sheet_add,Add button,Add,إضافة,Ajouter
cat_sheet_no_matching,Empty search,No matching categories,لا فئات مطابقة,Aucune catégorie correspondante
cat_sheet_no_yet,Empty state,"No categories yet.\nTap ""New"" above to create one.","لا فئات بعد.\nاضغط ""جديد"" أعلاه لإنشاء واحدة.",Aucune catégorie.\nAppuyez sur « Nouveau » ci-dessus pour en créer une.
cat_sheet_n_subcategories,Parent subtitle,{count} subcategories,{count} فئات فرعية,{count} sous-catégories
# ──────────────────────────────────────────────,,,,
# TRANSACTIONS — Currency sheet,,,,
# ──────────────────────────────────────────────,,,,
currency_your_accounts,Section header,Your accounts,حساباتك,Vos comptes
currency_recently_used,Section header,Recently used,المستخدمة مؤخراً,Récemment utilisées
currency_all,Section header,All currencies,جميع العملات,Toutes les devises
# ──────────────────────────────────────────────,,,,
# TRANSACTIONS — Form widgets,,,,
# ──────────────────────────────────────────────,,,,
tx_widget_select_account,Dropdown hint,Select account,اختر حساباً,Sélectionner un compte
tx_widget_item_note,Per-item note hint,Item note…,ملاحظة العنصر…,Note de l'élément…
# ──────────────────────────────────────────────,,,,
# TRANSACTIONS — List settings,,,,
# ──────────────────────────────────────────────,,,,
tx_list_title,AppBar title,Transaction List,قائمة المعاملات,Liste des transactions
tx_list_select_layout,Section title,Select Layout,اختر التنسيق,Choisir la disposition
tx_list_date_banner,Setting label,Date Banner Total,إجمالي شريط التاريخ,Total de la bannière de date
tx_list_day_total,Dropdown option,Day Total,إجمالي اليوم,Total du jour
tx_list_account_label,Setting title,Account Label,تسمية الحساب,Libellé du compte
tx_list_account_subtitle,Setting subtitle,Show account name on each transaction,إظهار اسم الحساب على كل معاملة,Afficher le nom du compte sur chaque transaction
tx_list_category_icon,Setting title,Category Icon,أيقونة الفئة,Icône de catégorie
tx_list_category_subtitle,Setting subtitle,Show category icon circle,إظهار دائرة أيقونة الفئة,Afficher le cercle d'icône de catégorie
tx_list_time,Setting title,Time,الوقت,Heure
tx_list_time_subtitle,Setting subtitle,Show time of the transaction,إظهار وقت المعاملة,Afficher l'heure de la transaction
tx_list_preview_name,Preview placeholder,Transaction Name,اسم المعاملة,Nom de la transaction
tx_list_preview_note,Preview note,This is a note that is part of the transaction.,هذه ملاحظة مرتبطة بالمعاملة.,Ceci est une note associée à la transaction.
# ──────────────────────────────────────────────,,,,
# BILL SPLITTER,,,,
# ──────────────────────────────────────────────,,,,
bill_title,Screen title,Bill Splitter,تقسيم الفاتورة,Partage d'addition
bill_scanning,Loading text,Scanning receipt...,جارٍ مسح الإيصال...,Numérisation du reçu...
bill_scan_tooltip,Tooltip,Scan receipt,مسح الإيصال,Scanner le reçu
bill_empty_title,Empty state title,Add items to split,أضف عناصر للتقسيم,Ajouter des éléments à partager
bill_empty_subtitle,Empty state subtitle,Scan a receipt or add items manually,امسح إيصالاً أو أضف عناصر يدوياً,Scannez un reçu ou ajoutez manuellement
bill_scan_button,Primary button,Scan Receipt,مسح الإيصال,Scanner le reçu
bill_add_manually,Secondary button,Add Manually,إضافة يدوية,Ajouter manuellement
bill_add_item,Button,Add item,إضافة عنصر,Ajouter un élément
bill_take_photo,Image source,Take Photo,التقاط صورة,Prendre une photo
bill_from_gallery,Image source,Choose from Gallery,اختيار من المعرض,Choisir depuis la galerie
bill_no_text,OCR failure snackbar,No text detected. Try a clearer photo.,لم يتم اكتشاف نص. جرب صورة أوضح.,Aucun texte détecté. Essayez une photo plus nette.
bill_enter_amount,OCR amount dialog title,Enter amount,أدخل المبلغ,Saisir le montant
bill_keep_as_one,Dialog button,Keep as one,إبقاء كعنصر واحد,Garder en un seul
bill_split,Dialog button,Split,تقسيم,Diviser
bill_whos_splitting,Section header,Who's splitting?,من يتقاسم؟,Qui partage ?
bill_add_person,Text field hint,Add person,إضافة شخص,Ajouter une personne
bill_split_evenly,Toggle title,Split evenly,تقسيم بالتساوي,Partager équitablement
bill_assign_items,Section header,Assign items,تعيين العناصر,Attribuer les éléments
bill_item_name,Text field hint,Item name,اسم العنصر,Nom de l'élément
bill_tip,Section title,Tip,بقشيش,Pourboire
bill_tip_none,Tip trailing,,بدون,Aucun
bill_percentage,Tip mode,Percentage,نسبة مئوية,Pourcentage
bill_tip_amount,Tip field label,Tip amount,مبلغ البقشيش,Montant du pourboire
bill_bill_currency,Currency label,Bill currency,عملة الفاتورة,Devise de l'addition
bill_rate_hint,Rate field hint,Rate,السعر,Taux
bill_total,Summary label,Total,الإجمالي,Total
bill_re_scan,Re-scan button,Re-scan,إعادة المسح,Re-scanner
bill_n_lines,OCR summary,{detected} lines ({withPrice} with prices),{detected} سطر ({withPrice} بأسعار),{detected} lignes ({withPrice} avec prix)
bill_me,Default person name,Me,أنا,Moi
bill_person_removed,Undo snackbar,Person removed,تمت إزالة الشخص,Personne supprimée
bill_everyone,Assign chip,Everyone,الجميع,Tout le monde
bill_shared_each,Assign hint,Shared {count} ways · {amount} each,مقسّم على {count} · {amount} لكل شخص,Partagé en {count} · {amount} chacun
bill_split_into_units,Item action,Split into units,تقسيم إلى وحدات,Diviser en unités
bill_split_units_prompt,Dialog prompt,How many units?,كم عدد الوحدات؟,Combien d'unités ?
bill_tip_label,Summary label,Tip,بقشيش,Pourboire
bill_item_removed,Undo snackbar,Item removed,تمت إزالة العنصر,Article supprimé
# ──────────────────────────────────────────────,,,,
# ALLOCATIONS / ENVELOPES — List,,,,
# ──────────────────────────────────────────────,,,,
alloc_title,Screen title,Budget,الميزانية,Budget
alloc_search_tooltip,Tooltip,Search envelopes,البحث في الأظرف,Rechercher des enveloppes
alloc_help_tooltip,Tooltip,How envelopes work,كيف تعمل الأظرف,Comment fonctionnent les enveloppes
alloc_help_title,Dialog title,How Envelopes Work,كيف تعمل الأظرف,Comment fonctionnent les enveloppes
alloc_help_step_1,Help step,Create envelopes for each spending category,أنشئ أظرفاً لكل فئة إنفاق,Créez des enveloppes pour chaque catégorie de dépense
alloc_help_step_2,Help step,Set a monthly budget target for each,حدد هدفاً شهرياً لكل ظرف,Définissez un objectif mensuel pour chacune
alloc_help_step_3,Help step,Fund envelopes when you get paid,موّل الأظرف عند استلام راتبك,Financez les enveloppes quand vous êtes payé
alloc_help_step_4,Help step,Spend from envelopes — track what's left,أنفق من الأظرف — تتبع ما تبقّى,Dépensez depuis les enveloppes — suivez ce qu'il reste
alloc_search_hint,Search hint,Search envelopes...,البحث في الأظرف...,Rechercher des enveloppes...
alloc_new_period_started,Banner title,New period started,بدأت فترة جديدة,Nouvelle période commencée
alloc_n_need_review,Banner subtitle,{count} envelope(s) need review,{count} ظرف(أظرف) تحتاج مراجعة,{count} enveloppe(s) à examiner
alloc_review,Banner button,Review,مراجعة,Examiner
alloc_budgeted,Summary label,Budgeted,مخصص,Budgétisé
alloc_spent,Summary label,Spent,مُنفَق,Dépensé
alloc_remaining,Summary label,Remaining,متبقٍّ,Restant
alloc_unallocated,Banner label,Unallocated,غير موزع,Non affecté
alloc_fund_envelopes,Button,Fund Envelopes,تمويل الأظرف,Financer les enveloppes
alloc_section_spending,Section header,Spending,إنفاق,Dépenses
alloc_section_savings,Section header,Savings,ادخار,Épargne
alloc_section_flexible,Section header,Rollover,مُرحَّل,Cumulatif
alloc_no_match,Search empty state,"No envelopes match ""{query}""","لا أظرف تطابق """"{query}""""",Aucune enveloppe ne correspond à « {query} »
alloc_create_tooltip,FAB tooltip,Create envelope,إنشاء ظرف,Créer une enveloppe
alloc_no_yet,Empty state title,No envelopes yet,لا أظرف بعد,Aucune enveloppe pour le moment
alloc_create_help,Empty state subtitle,Create an envelope to start budgeting.\nTap ? for help.,أنشئ ظرفاً لبدء الميزانية.\nاضغط ؟ للمساعدة.,Créez une enveloppe pour commencer.\nAppuyez sur ? pour l'aide.
alloc_create_button,Empty state button,Create Envelope,إنشاء ظرف,Créer une enveloppe
# ──────────────────────────────────────────────,,,,
# ALLOCATIONS / ENVELOPES — Detail,,,,
# ──────────────────────────────────────────────,,,,
alloc_new_envelope,AppBar title,New Envelope,ظرف جديد,Nouvelle enveloppe
alloc_fallback_name,Fallback name,Envelope,ظرف,Enveloppe
alloc_edit_settings,Menu item,Edit Settings,تعديل الإعدادات,Modifier les paramètres
alloc_withdraw_menu,Menu item,Withdraw,سحب,Retirer
alloc_revalue_menu,Menu item,Revalue Balances,إعادة تقييم الأرصدة,Réévaluer les soldes
alloc_archive_menu,Menu item,Archive,أرشفة,Archiver
alloc_create_button_detail,Bottom button,Create Envelope,إنشاء ظرف,Créer une enveloppe
alloc_save_changes,Bottom button,Save Changes,حفظ التغييرات,Enregistrer les modifications
alloc_name_icon_section,Section header,Name & icon,الاسم والأيقونة,Nom et icône
alloc_name_hint,TextField hint,Envelope name (e.g. Groceries),اسم الظرف (مثل: بقالة),Nom de l'enveloppe (ex. Courses)
alloc_remove_icon,Button,Remove icon,إزالة الأيقونة,Supprimer l'icône
alloc_type_section,Section header,Envelope type,نوع الظرف,Type d'enveloppe
alloc_spending_title,Type option,Spending,إنفاق,Dépenses
alloc_spending_desc,Type description,For recurring expenses like groceries or fuel. Set a monthly budget and spend from it.,للنفقات المتكررة كالبقالة أو الوقود. حدد ميزانية شهرية وأنفق منها.,Pour les dépenses récurrentes comme les courses ou le carburant. Définissez un budget mensuel.
alloc_saving_goal_title,Type option,Saving (with goal),ادخار (بهدف),Épargne (avec objectif)
alloc_saving_goal_desc,Type description,For a specific goal like taxes or vacation. Set a target and fund it over time.,لهدف محدد كالضرائب أو الإجازة. حدد هدفاً وموّله تدريجياً.,Pour un objectif précis comme les impôts ou les vacances. Définissez un objectif et financez-le.
alloc_saving_open_title,Type option,Saving (open),ادخار (مفتوح),Épargne (libre)
alloc_saving_open_desc,Type description,For general savings with no specific goal. Put money aside whenever you can.,للادخار العام بدون هدف محدد. ادخر كلما استطعت.,Pour l'épargne générale sans objectif précis. Mettez de l'argent de côté quand vous pouvez.
alloc_info_banner,Info text,Envelopes don't move money between accounts. They help you plan how to use the money you already have.,الأظرف لا تنقل المال بين الحسابات. إنها تساعدك على تخطيط استخدام أموالك الحالية.,Les enveloppes ne déplacent pas l'argent entre les comptes. Elles vous aident à planifier l'utilisation de votre argent.
alloc_purpose_section,Section header,Purpose,الغرض,Objectif
alloc_saving,Chip label,Saving,ادخار,Épargne
alloc_flexible,Chip label,Rollover,مُرحَّل,Cumulatif
alloc_cycle_section,Section header,Cycle,الدورة,Cycle
alloc_periodic_desc,Help text,• Periodic: resets each month (e.g. groceries budget)\n• Permanent: accumulates over time (e.g. emergency fund),• دوري: يُعاد تعيينه كل شهر (مثل: ميزانية البقالة)\n• دائم: يتراكم مع الوقت (مثل: صندوق الطوارئ),• Périodique : se réinitialise chaque mois (ex. budget courses)\n• Permanent : s'accumule dans le temps (ex. fonds d'urgence)
alloc_periodic,Chip label,Periodic,دوري,Périodique
alloc_permanent,Chip label,Permanent,دائم,Permanent
alloc_rollover_title,Switch title,Rollover balance,ترحيل الرصيد,Reporter le solde
alloc_rollover_subtitle,Switch subtitle,Carry remaining funds to the next period,ترحيل الأموال المتبقية للفترة التالية,Reporter les fonds restants à la prochaine période
alloc_auto_reset_title,Switch title,Auto-reset,إعادة تعيين تلقائية,Réinitialisation auto
alloc_auto_reset_subtitle,Switch subtitle,Reset automatically at period start,إعادة التعيين تلقائياً عند بداية الفترة,Réinitialiser automatiquement au début de la période
alloc_savings_target_section,Section header,Savings target,هدف الادخار,Objectif d'épargne
alloc_monthly_budget_section,Section header,Monthly budget,الميزانية الشهرية,Budget mensuel
alloc_savings_target_help,Help text,How much do you want to save in this envelope?,كم تريد أن تدخر في هذا الظرف؟,Combien souhaitez-vous épargner dans cette enveloppe ?
alloc_monthly_budget_help,Help text,How much do you want to spend in this envelope each month?,كم تريد أن تنفق من هذا الظرف كل شهر؟,Combien souhaitez-vous dépenser dans cette enveloppe chaque mois ?
alloc_target_amount,Field label,Target amount,المبلغ المستهدف,Montant cible
alloc_budget_amount,Field label,Budget amount,مبلغ الميزانية,Montant du budget
alloc_linked_categories,Section header,Linked categories,الفئات المرتبطة,Catégories liées
alloc_linked_help,Help text,Expenses with these categories will debit this envelope.,المصاريف بهذه الفئات ستُخصم من هذا الظرف.,Les dépenses avec ces catégories seront débitées de cette enveloppe.
alloc_no_categories_warning,Warning banner,No categories linked. Tap + to link categories so expenses debit this envelope.,لا فئات مرتبطة. اضغط + لربط الفئات حتى تُخصم المصاريف من هذا الظرف.,Aucune catégorie liée. Appuyez sur + pour lier des catégories.
alloc_link_category,Button,Link Category,ربط فئة,Lier une catégorie
alloc_saved_label,Balance hero label (savings),Saved,مدّخر,Épargné
alloc_available_label,Balance hero label (spending),Available,متاح,Disponible
alloc_left_suffix,Progress bar suffix,left,متبقٍّ,restant
alloc_from_unallocated,Fund sheet subtitle,From your unallocated balance,من رصيدك غير الموزع,Depuis votre solde non affecté
alloc_overfunding_title,Dialog title,Over-funding,تمويل زائد,Surfinancement
alloc_overfunding_msg,Dialog content,Your unallocated balance will go negative. Continue anyway?,سيصبح رصيدك غير الموزع سالباً. المتابعة؟,Votre solde non affecté deviendra négatif. Continuer ?
alloc_fund_anyway,Dialog button,Fund Anyway,تمويل على أي حال,Financer quand même
alloc_could_not_fund,Error snackbar,Could not fund: {error},تعذّر التمويل: {error},Impossible de financer : {error}
alloc_recent_activity,Section header,Recent activity,النشاط الأخير,Activité récente
alloc_no_activity,Empty state,No activity yet,لا نشاط بعد,Aucune activité
alloc_ledger_funded,Ledger type,Funded,موّل,Financé
alloc_ledger_spent,Ledger type,Spent,مُنفَق,Dépensé
alloc_ledger_adjustment,Ledger type,Adjustment,تعديل,Ajustement
alloc_ledger_period_reset,Ledger type,Period Reset,إعادة تعيين الفترة,Réinitialisation de période
alloc_ledger_carried,Ledger type,Carried Forward,مُرحَّل,Reporté
alloc_spending_history,Section header,Spending history,تاريخ الإنفاق,Historique des dépenses
alloc_withdraw_title,Sheet title,Withdraw from Savings,السحب من المدخرات,Retrait de l'épargne
alloc_withdraw_help,Sheet subtitle,Move money from this envelope back to Unallocated.,نقل المال من هذا الظرف إلى غير الموزع.,Transférer l'argent de cette enveloppe vers Non affecté.
alloc_withdraw_amount,Field label,Amount to withdraw,المبلغ المراد سحبه,Montant à retirer
alloc_withdraw_button,Button,Withdraw,سحب,Retirer
alloc_all_linked,Snackbar,All categories are already linked to envelopes,جميع الفئات مرتبطة بأظرف بالفعل,Toutes les catégories sont déjà liées à des enveloppes
alloc_link_title,Sheet title,Link a Category,ربط فئة,Lier une catégorie
alloc_no_foreign_balances,Snackbar,No foreign-currency balances to revalue,لا أرصدة بعملات أجنبية لإعادة تقييمها,Aucun solde en devise étrangère à réévaluer
alloc_revalue_title,Sheet title,Revalue Foreign Balances,إعادة تقييم الأرصدة الأجنبية,Réévaluer les soldes étrangers
alloc_balance_in_envelope,Label,balance in this envelope,الرصيد في هذا الظرف,solde dans cette enveloppe
alloc_original_rate,Label,Original rate,السعر الأصلي,Taux original
alloc_original_value,Label,Original value,القيمة الأصلية,Valeur originale
alloc_new_rate,Field label,New rate,السعر الجديد,Nouveau taux
alloc_fetch_button,Button,Fetch,جلب,Récupérer
alloc_new_value,Label,New value,القيمة الجديدة,Nouvelle valeur
alloc_gain,Label,Gain,ربح,Gain
alloc_loss,Label,Loss,خسارة,Perte
alloc_total_adjustment,Label,Total adjustment,إجمالي التعديل,Ajustement total
alloc_apply_revaluation,Button,Apply Revaluation,تطبيق إعادة التقييم,Appliquer la réévaluation
alloc_revaluation_applied,Snackbar,Revaluation applied,تم تطبيق إعادة التقييم,Réévaluation appliquée
alloc_archive_title,Dialog title,Archive Envelope,أرشفة الظرف,Archiver l'enveloppe
alloc_archive_msg,Dialog content,This envelope will be hidden from all lists and stop taking spending. Linked categories and transaction history will be preserved.\n\nYou can unarchive it later from the Budget tab menu (⋮ › Archived envelopes).,سيتم إخفاء هذا الظرف من جميع القوائم ولن تُخصم منه المصاريف. ستُحفظ الفئات المرتبطة وتاريخ المعاملات.\n\nيمكنك إلغاء الأرشفة لاحقاً من قائمة تبويب الميزانية (⋮ › الأظرف المؤرشفة).,Cette enveloppe sera masquée de toutes les listes et ne recevra plus de dépenses. Les catégories liées et l'historique seront préservés.\n\nVous pourrez la désarchiver depuis le menu de l'onglet Budget (⋮ › Enveloppes archivées).
alloc_archived,Snackbar,Envelope archived,تم أرشفة الظرف,Enveloppe archivée
alloc_delete_title,Dialog title,Delete Envelope,حذف الظرف,Supprimer l'enveloppe
alloc_archive_instead,Dialog button,Archive Instead,أرشفة بدلاً من ذلك,Archiver à la place
alloc_delete_permanently,Dialog button,Delete Permanently,حذف نهائي,Supprimer définitivement
alloc_delete_no_linked_title,Dialog title,Delete Envelope Permanently,حذف الظرف نهائياً,Supprimer l'enveloppe définitivement
alloc_delete_no_linked_msg,Dialog content,This envelope has no linked categories. All ledger history will be removed.\n\nAre you sure? This cannot be undone.,هذا الظرف ليس له فئات مرتبطة. سيتم حذف كل سجل الدفتر.\n\nهل أنت متأكد؟ لا يمكن التراجع.,Cette enveloppe n'a pas de catégories liées. Tout l'historique sera supprimé.\n\nÊtes-vous sûr ? Cette action est irréversible.
alloc_created,Snackbar,Envelope created,تم إنشاء الظرف,Enveloppe créée
alloc_updated,Snackbar,Envelope updated,تم تحديث الظرف,Enveloppe mise à jour
alloc_saved_prefix,Allocation card prefix,Saved:,مدّخر:,Épargné :
alloc_percent_saved,Progress text,{pct}% saved,{pct}% مدّخر,{pct}% épargné
# ──────────────────────────────────────────────,,,,
# FUNDING SCREEN,,,,
# ──────────────────────────────────────────────,,,,
fund_title,AppBar title,Fund Envelopes,تمويل الأظرف,Financer les enveloppes
fund_error,Error retry,Couldn't load envelopes,تعذّر تحميل الأظرف,Impossible de charger les enveloppes
fund_overfunding_title,Warning dialog title,Over-funding,تمويل زائد,Surfinancement
fund_overfunding_msg,Warning dialog content,You're assigning {details}. Your unallocated balance will go negative.\n\nContinue anyway?,أنت توزع {details}. سيصبح رصيدك غير الموزع سالباً.\n\nالمتابعة؟,Vous affectez {details}. Votre solde non affecté deviendra négatif.\n\nContinuer ?
fund_anyway,Dialog button,Fund Anyway,تمويل على أي حال,Financer quand même
fund_note,Ledger note,Funded from Unallocated,موّل من غير الموزع,Financé depuis Non affecté
fund_success,Snackbar,Allocations funded successfully,تم تمويل الأظرف بنجاح,Enveloppes financées avec succès
fund_error_msg,Error snackbar,Error funding allocations: {error},خطأ في تمويل الأظرف: {error},Erreur lors du financement : {error}
# ──────────────────────────────────────────────,,,,
# ACCOUNTS — List,,,,
# ──────────────────────────────────────────────,,,,
acct_title,Screen title,Accounts,الحسابات,Comptes
acct_no_yet,Empty state,No accounts yet,لا توجد حسابات بعد,Aucun compte pour le moment
acct_tap_plus,Empty state subtitle,Tap + to add one,اضغط + لإضافة حساب,Appuyez sur + pour en ajouter
acct_total_balance,Card header,Total Balance,الرصيد الإجمالي,Solde total
acct_add_tooltip,FAB tooltip,Add account,إضافة حساب,Ajouter un compte
acct_created,Save toast,Account created,تم إنشاء الحساب,Compte créé
acct_updated,Save toast,Account updated,تم تحديث الحساب,Compte mis à jour
# ──────────────────────────────────────────────,,,,
# ACCOUNTS — Detail,,,,
# ──────────────────────────────────────────────,,,,
acct_new_title,AppBar title,New Account,حساب جديد,Nouveau compte
acct_type_cash,Type option,Cash,نقدي,Espèces
acct_type_bank,Type option,Bank,بنك,Banque
acct_type_credit,Type option,Credit card,بطاقة ائتمان,Carte de crédit
acct_type_digital,Type option,Digital wallet,محفظة رقمية,Portefeuille numérique
acct_adjust_balance,Menu item,Adjust Balance,تعديل الرصيد,Ajuster le solde
acct_has_txns_msg,Account delete,"This account has {count} transaction(s). Archive it to keep everything but hide it, or delete it along with those transactions.",يحتوي هذا الحساب على {count} معاملة. أرشفه للاحتفاظ بكل شيء مع إخفائه، أو احذفه مع تلك المعاملات.,"Ce compte comporte {count} transaction(s). Archivez-le pour tout conserver mais le masquer, ou supprimez-le avec ces transactions."
acct_delete_with_txns,Account delete,Delete with transactions,حذف مع المعاملات,Supprimer avec les transactions
acct_delete_shared_msg,Account delete,{count} of these are shared with other accounts (transfers or splits). Deleting will also remove them and change those accounts' balances. Continue?,{count} منها مشتركة مع حسابات أخرى (تحويلات أو تقسيمات). سيؤدي الحذف إلى إزالتها أيضاً وتغيير أرصدة تلك الحسابات. هل تريد المتابعة؟,{count} d'entre elles sont partagées avec d'autres comptes (virements ou ventilations). La suppression les retirera aussi et modifiera le solde de ces comptes. Continuer ?
acct_delete_count_confirm,Account delete,Permanently delete this account and {count} transaction(s)? This cannot be undone.,حذف هذا الحساب و{count} معاملة نهائياً؟ لا يمكن التراجع عن هذا.,Supprimer définitivement ce compte et {count} transaction(s) ? Cette action est irréversible.
# ──────────────────────────────────────────────,,,,
# CATEGORIES,,,,
# ──────────────────────────────────────────────,,,,
cat_title,Screen title,Categories,الفئات,Catégories
cat_add_tooltip,FAB tooltip,Add category,إضافة فئة,Ajouter une catégorie
# ──────────────────────────────────────────────,,,,
# RECURRING,,,,
# ──────────────────────────────────────────────,,,,
recurring_add_tooltip,FAB tooltip,Add recurring transaction,إضافة معاملة متكررة,Ajouter une transaction récurrente
freq_daily,Frequency label,Daily,يومي,Quotidien
freq_weekly,Frequency label,Weekly,أسبوعي,Hebdomadaire
freq_monthly,Frequency label,Monthly,شهري,Mensuel
freq_yearly,Frequency label,Yearly,سنوي,Annuel
freq_every_n_days,Frequency (interval),Every {n} days,كل {n} أيام,Tous les {n} jours
freq_every_n_weeks,Frequency (interval),Every {n} weeks,كل {n} أسابيع,Toutes les {n} semaines
freq_every_n_months,Frequency (interval),Every {n} months,كل {n} أشهر,Tous les {n} mois
freq_every_n_years,Frequency (interval),Every {n} years,كل {n} سنوات,Tous les {n} ans
# ──────────────────────────────────────────────,,,,
# BILL CALENDAR,,,,
# ──────────────────────────────────────────────,,,,
bill_cal_title,AppBar title,Bill Calendar,تقويم الفواتير,Calendrier des factures
bill_cal_n_due,Day sheet subtitle,{count} bill(s) due,{count} فاتورة(فواتير) مستحقة,{count} facture(s) due(s)
bill_cal_upcoming,Section header,Upcoming,القادمة,À venir
bill_cal_no_upcoming,Empty state,No upcoming bills,لا فواتير قادمة,Aucune facture à venir
# ──────────────────────────────────────────────,,,,
# UPCOMING BILLS,,,,
# ──────────────────────────────────────────────,,,,
upcoming_title,AppBar title,Upcoming Bills,الفواتير القادمة,Factures à venir
upcoming_no_title,Empty state title,No upcoming bills,لا فواتير قادمة,Aucune facture à venir
upcoming_no_subtitle,Empty state subtitle,Create recurring transactions to see them here.,أنشئ معاملات متكررة لرؤيتها هنا.,Créez des transactions récurrentes pour les voir ici.
upcoming_overdue,Urgency label,Overdue by {days} day(s),مستحقة منذ {days} يوم(أيام),En retard de {days} jour(s)
upcoming_due_today,Urgency label,Due today,مستحقة اليوم,Due aujourd'hui
upcoming_due_tomorrow,Urgency label,Due tomorrow,مستحقة غداً,Due demain
upcoming_due_in_days,Urgency label,Due in {days} days,مستحقة خلال {days} أيام,Due dans {days} jours
# ──────────────────────────────────────────────,,,,
# SUBSCRIPTIONS,,,,
# ──────────────────────────────────────────────,,,,
sub_title,Screen title,Subscriptions,الاشتراكات,Abonnements
sub_add_tooltip,FAB tooltip,Add subscription,إضافة اشتراك,Ajouter un abonnement
sub_total,Chip subtitle,Total,الإجمالي,Total
sub_active,Status label,Active,نشط,Actif
sub_cancelled,Status label,Cancelled,ملغى,Annulé
sub_no_title,Empty state title,No subscriptions,لا اشتراكات,Aucun abonnement
sub_no_subtitle,Empty state subtitle,Add a recurring transaction and mark it as a subscription,أضف معاملة متكررة وحددها كاشتراك,Ajoutez une transaction récurrente et marquez-la comme abonnement
sub_ending_soon,Status label,Ending soon,ينتهي قريباً,Se termine bientôt
sub_pause,Tooltip,Pause,إيقاف مؤقت,Mettre en pause
sub_resume,Tooltip,Resume,استئناف,Reprendre
sub_untitled,Fallback title,Untitled,بدون عنوان,Sans titre
# ──────────────────────────────────────────────,,,,
# SUBSCRIPTION DETAIL,,,,
# ──────────────────────────────────────────────,,,,
sub_detail_error,Error state,Could not load subscription,تعذّر تحميل الاشتراك,Impossible de charger l'abonnement
sub_detail_not_found,Empty state,Subscription not found,الاشتراك غير موجود,Abonnement introuvable
sub_detail_annual_cost,Subtitle,Annual cost: {amount},التكلفة السنوية: {amount},Coût annuel : {amount}
sub_detail_status,Detail label,Status,الحالة,Statut
sub_detail_active_since,Detail label,Active since,نشط منذ,Actif depuis
sub_detail_next_billing,Detail label,Next billing,الفوترة التالية,Prochaine facturation
sub_detail_ends_on,Detail label,Ends on,ينتهي في,Se termine le
sub_detail_total_paid,Detail label,Total paid (est.),إجمالي المدفوع (تقديري),Total payé (est.)
sub_detail_price_history,Section header,Price history,تاريخ الأسعار,Historique des prix
sub_detail_present,Date suffix,present,الحالي,présent
sub_detail_change_cancel,Button,Change Cancel Date,تغيير تاريخ الإلغاء,Modifier la date d'annulation
sub_detail_set_cancel,Button,Set Cancellation Date,تحديد تاريخ الإلغاء,Définir la date d'annulation
sub_detail_past_tx,Section header,Past transactions,المعاملات السابقة,Transactions passées
sub_detail_upcoming,Section header,Upcoming,القادمة,À venir
sub_detail_scheduled,Subtitle,scheduled,مجدول,prévu
sub_detail_cancel_title,Dialog title,Cancel subscription,إلغاء الاشتراك,Annuler l'abonnement
# ──────────────────────────────────────────────,,,,
# TEMPLATES,,,,
# ──────────────────────────────────────────────,,,,
tmpl_title,Screen title,Templates,القوالب,Modèles
tmpl_sort_tooltip,Tooltip,Sort,ترتيب,Trier
tmpl_group_tooltip,Tooltip,Group,تجميع,Grouper
tmpl_sort_most_used,Sort option,Most used,الأكثر استخداماً,Les plus utilisés
tmpl_sort_az,Sort option,A–Z,أ–ي,A–Z
tmpl_sort_newest,Sort option,Newest first,الأحدث أولاً,Plus récent d'abord
tmpl_sort_highest,Sort option,Highest amount,الأعلى مبلغاً,Montant le plus élevé
tmpl_group_none,Group option,No grouping,بدون تجميع,Pas de groupement
tmpl_group_type,Group option,By type,حسب النوع,Par type
tmpl_group_category,Group option,By category,حسب الفئة,Par catégorie
tmpl_search_hint,Search hint,Search templates...,البحث في القوالب...,Rechercher des modèles...
tmpl_no_title,Empty state title,No templates found,لا قوالب موجودة,Aucun modèle trouvé
tmpl_no_subtitle,Empty state subtitle,Save frequent transactions for quick re-use,احفظ المعاملات المتكررة لإعادة الاستخدام السريع,Enregistrez les transactions fréquentes pour les réutiliser rapidement
tmpl_add_tooltip,FAB tooltip,Add template,إضافة قالب,Ajouter un modèle
tmpl_use,Action,Use template,استخدام القالب,Utiliser le modèle
tmpl_delete_title,Dialog title,Delete template?,حذف القالب؟,Supprimer le modèle ?
tmpl_delete_msg,Dialog content,This template will be permanently removed.,سيتم حذف هذا القالب نهائياً.,Ce modèle sera supprimé définitivement.
tmpl_new_title,Sheet title,New Template,قالب جديد,Nouveau modèle
tmpl_new_desc,Sheet description,Save a transaction you do often for quick re-use.,احفظ معاملة تقوم بها كثيراً لإعادة الاستخدام السريع.,Enregistrez une transaction fréquente pour la réutiliser rapidement.
tmpl_title_required,Validation error,Title is required,العنوان مطلوب,Le titre est requis
tmpl_category_optional,Field label,Category (optional),الفئة (اختياري),Catégorie (optionnel)
tmpl_save_button,Button,Save Template,حفظ القالب,Enregistrer le modèle
tmpl_created,Save toast,Template created,تم إنشاء القالب,Modèle créé
# ──────────────────────────────────────────────,,,,
# OBJECTIVES (Goals & Loans),,,,
# ──────────────────────────────────────────────,,,,
obj_title,Screen title,Goals & Loans,الأهداف والقروض,Objectifs et prêts
obj_failed_to_load,Error state,Failed to load objectives,فشل تحميل الأهداف,Échec du chargement des objectifs
obj_no_title,Empty state title,No goals or loans yet,لا أهداف أو قروض بعد,Aucun objectif ou prêt
obj_no_subtitle,Empty state subtitle,Create a savings goal or track money you lent or borrowed.,أنشئ هدف ادخار أو تتبع أموالاً أقرضتها أو اقترضتها.,Créez un objectif d'épargne ou suivez l'argent prêté ou emprunté.
obj_goals_section,Section header,Goals,الأهداف,Objectifs
obj_loans_section,Section header,Loans,القروض,Prêts
obj_lent_to,Subtitle,Lent to {contact},أُقرض لـ {contact},Prêté à {contact}
obj_borrowed_from,Subtitle,Borrowed from {contact},اقتُرض من {contact},Emprunté à {contact}
obj_due,Deadline text,Due {date},مستحق {date},Dû le {date}
obj_new_title,AppBar title,New Objective,هدف جديد,Nouvel objectif
obj_name_required,Validation error,Name is required,الاسم مطلوب,Le nom est requis
obj_created,Snackbar,Objective created,تم إنشاء الهدف,Objectif créé
obj_note_payment_received,Transaction note prefix,Payment received,دفعة مستلمة,Paiement reçu
obj_note_payment,Transaction note prefix,Payment,دفعة,Paiement
obj_note_goal_savings,Transaction note prefix,Goal savings,ادخار للهدف,Épargne objectif
obj_updated,Snackbar,Objective updated,تم تحديث الهدف,Objectif mis à jour
obj_no_accounts,Snackbar,No accounts available,لا حسابات متاحة,Aucun compte disponible
obj_record_payment,Sheet/button,Record Payment,تسجيل دفعة,Enregistrer un paiement
obj_add_funds,Sheet/button,Add Funds,إضافة أموال,Ajouter des fonds
obj_record_received,Button,Record Payment Received,تسجيل دفعة مستلمة,Enregistrer un paiement reçu
obj_record_sent,Button,Record Payment Sent,تسجيل دفعة مرسلة,Enregistrer un paiement envoyé
obj_save_from_account,Button,Save from Account,حفظ من حساب,Épargner depuis un compte
obj_goal_chip,Type chip,Goal,هدف,Objectif
obj_loan_chip,Type chip,Loan,قرض,Prêt
obj_goal_name,Field label,Goal name,اسم الهدف,Nom de l'objectif
obj_goal_name_hint,Field hint,e.g. Emergency fund,مثل: صندوق الطوارئ,ex. Fonds d'urgence
obj_loan_name,Field label,Loan name,اسم القرض,Nom du prêt
obj_loan_name_hint,Field hint,e.g. Car loan,مثل: قرض السيارة,ex. Prêt auto
obj_person,Field label,Person,الشخص,Personne
obj_person_hint,Field hint,"e.g. Ali, Bank, etc.",مثل: علي، البنك، إلخ.,"ex. Ali, Banque, etc."
obj_direction,Label,Direction,الاتجاه,Direction
obj_i_lent,Segment,I lent,أقرضت,J'ai prêté
obj_i_borrowed,Segment,I borrowed,اقترضت,J'ai emprunté
obj_set_deadline,InkWell label,Set a deadline (optional),تحديد موعد نهائي (اختياري),Définir une échéance (optionnel)
obj_color_section,Section header,Color,اللون,Couleur
obj_delete_title,Dialog title,Delete Objective,حذف الهدف,Supprimer l'objectif
obj_cannot_undo,Dialog content,This cannot be undone.,لا يمكن التراجع عن هذا.,Cette action est irréversible.
obj_saved_so_far,Goals & loans,Saved so far,ما تم توفيره,Épargné à ce jour
obj_recorded_so_far,Goals & loans,Recorded so far,ما تم تسجيله,Enregistré à ce jour
obj_empty_hint_goal,Goals & loans,Add funds from one of your accounts to grow this goal.,أضِف أموالاً من أحد حساباتك لتنمية هذا الهدف.,Ajoutez des fonds depuis l'un de vos comptes pour faire progresser cet objectif.
obj_empty_hint_loan_lent,Goals & loans,Record payments you receive to track repayment.,سجّل الدفعات التي تستلمها لتتبّع السداد.,Enregistrez les paiements reçus pour suivre le remboursement.
obj_empty_hint_loan_borrowed,Goals & loans,Record payments you make to track what you owe.,سجّل الدفعات التي تدفعها لتتبّع ما تدين به.,Enregistrez les paiements effectués pour suivre ce que vous devez.
obj_what_is_goal,Goals & loans,Save toward a target. Each deposit moves money out of the account you pick and is recorded as a transaction.,ادّخر نحو هدف. كل إيداع يخرج المال من الحساب الذي تختاره ويُسجَّل كمعاملة.,Épargnez vers un objectif. Chaque dépôt retire de l'argent du compte choisi et est enregistré comme transaction.
obj_what_is_loan,Goals & loans,Track money you lent or borrowed. Each recorded payment moves money in or out of the account you pick.,تتبّع الأموال التي أقرضتها أو اقترضتها. كل دفعة مسجَّلة تُدخل المال أو تُخرجه من الحساب الذي تختاره.,Suivez l'argent prêté ou emprunté. Chaque paiement enregistré ajoute ou retire de l'argent du compte choisi.
obj_target_optional,Goals & loans,Optional — leave blank for an open-ended goal,اختياري — اتركه فارغاً لهدف مفتوح,Facultatif — laissez vide pour un objectif ouvert
obj_icon,Goals & loans,Icon,أيقونة,Icône
obj_choose_icon,Goals & loans,Choose an icon (optional),اختر أيقونة (اختياري),Choisir une icône (facultatif)
obj_remove_icon,Goals & loans,Remove icon,إزالة الأيقونة,Supprimer l'icône
obj_intro,Goals & loans,Goals track savings toward a target. Loans track money you lent or borrowed.,الأهداف تتبّع الادخار نحو غاية. القروض تتبّع الأموال التي أقرضتها أو اقترضتها.,Les objectifs suivent l'épargne vers une cible. Les prêts suivent l'argent prêté ou emprunté.
obj_create_first,Goals & loans,Create your first goal,أنشئ هدفك الأول,Créez votre premier objectif
obj_delete_linked_payments,Goals & loans,"{count} linked payment(s). The money already moved between your accounts — keep them, or delete everything?",{count} دفعة مرتبطة. انتقل المال بالفعل بين حساباتك — هل تُبقيها أم تحذف كل شيء؟,{count} paiement(s) lié(s). L'argent a déjà été déplacé entre vos comptes — les garder ou tout supprimer ?
obj_delete_keep,Goals & loans,"Delete, keep payments",حذف مع الإبقاء على الدفعات,"Supprimer, garder les paiements"
obj_delete_all,Goals & loans,Delete everything,حذف كل شيء,Tout supprimer
# ──────────────────────────────────────────────,,,,
# TRAVEL EXCHANGE,,,,
# ──────────────────────────────────────────────,,,,
travel_title,AppBar title,Travel Exchange,صرف السفر,Change de voyage
travel_info,Info banner,Exchange money for your trip. A temporary travel wallet will be created automatically.,صرّف أموالاً لرحلتك. ستُنشأ محفظة سفر مؤقتة تلقائياً.,Échangez de l'argent pour votre voyage. Un portefeuille temporaire sera créé automatiquement.
travel_from,Section label,From,من,De
travel_select_account,Dropdown hint,Select account,اختر حساباً,Sélectionner un compte
travel_amount_to_exchange,Section label,Amount to exchange,المبلغ للصرف,Montant à échanger
travel_currency_section,Section label,Travel currency,عملة السفر,Devise de voyage
travel_currency_receive,Field label,Currency you receive,العملة التي تتلقاها,Devise que vous recevez
travel_amount_received,Section label,Amount received,المبلغ المستلم,Montant reçu
travel_exchange_button,Button,Exchange & Create Travel Wallet,صرف وإنشاء محفظة سفر,Changer et créer un portefeuille de voyage
travel_existing_wallet,Dialog title,Existing Travel Wallet,محفظة سفر موجودة,Portefeuille de voyage existant
travel_create_new,Dialog button,Create New,إنشاء جديد,Créer nouveau
travel_reactivate,Dialog button,Reactivate,إعادة تفعيل,Réactiver
# ──────────────────────────────────────────────,,,,
# PERIODS,,,,
# ──────────────────────────────────────────────,,,,
period_new_title,AppBar / banner title,New Period,فترة جديدة,Nouvelle période
period_error,Error retry,Couldn't load envelopes,تعذّر تحميل الأظرف,Impossible de charger les enveloppes
period_resolve_leftovers,Subheading,Resolve leftover balances,حل الأرصدة المتبقية,Résoudre les soldes restants
period_n_items,Item count,{count} items,{count} عناصر,{count} éléments
period_no_leftovers,Empty state title,No leftover balances to resolve,لا أرصدة متبقية لحلها,Aucun solde restant à résoudre
period_all_zero,Empty state subtitle,All periodic allocations have zero or negative balances.,جميع الأظرف الدورية لديها أرصدة صفرية أو سالبة.,Toutes les enveloppes périodiques ont des soldes nuls ou négatifs.
period_complete_button,Button,Complete Period Transition,إتمام انتقال الفترة,Terminer la transition de période
period_rollover,Card subtitle,Rollover allocation,ظرف مُرحَّل,Enveloppe avec report
period_periodic,Card subtitle,Periodic allocation,ظرف دوري,Enveloppe périodique
period_return_unallocated,Radio option,Return to Unallocated,إرجاع إلى غير الموزع,Retourner au Non affecté
period_return_desc,Radio description,Balance returns to the pool,يعود الرصيد إلى الحوض,Le solde retourne au pool
period_carry_forward,Radio option,Carry Forward,ترحيل,Reporter
period_carry_desc,Radio description,Keep balance for next period,الاحتفاظ بالرصيد للفترة التالية,Garder le solde pour la prochaine période
period_move_to,Radio option,Move to...,نقل إلى...,Transférer à...
period_move_desc,Radio description,Transfer to another allocation,تحويل إلى ظرف آخر,Transférer à une autre enveloppe
period_select_allocation,Dropdown hint,Select allocation,اختر ظرفاً,Sélectionner une enveloppe
# ──────────────────────────────────────────────,,,,
# LEFTOVER RESOLUTION,,,,
# ──────────────────────────────────────────────,,,,
leftover_title,AppBar title,Resolve Leftovers,حل المتبقيات,Résoudre les restes
leftover_no_allocation,Error state,No allocation specified.,لم يتم تحديد ظرف.,Aucune enveloppe spécifiée.
leftover_not_found,Error state,Allocation not found.,الظرف غير موجود.,Enveloppe introuvable.
leftover_current_balance,Label,Current Balance,الرصيد الحالي,Solde actuel
leftover_no_balance,Text,No balance,لا رصيد,Aucun solde
leftover_no_positive,Info,No positive balance to resolve.,لا رصيد إيجابي لحله.,Aucun solde positif à résoudre.
leftover_currency_to_resolve,Label,Currency to resolve,العملة المراد حلها,Devise à résoudre
leftover_all_currencies,Dropdown option,All currencies,جميع العملات,Toutes les devises
leftover_what_to_do,Label,What to do with the leftover,ماذا تفعل بالمتبقي,Que faire avec le reste
leftover_return_subtitle,Description,Leftover balance goes back to the pool,المتبقي يعود إلى الحوض,Le solde restant retourne au pool
leftover_keep_subtitle,Description,Keep the balance for the next period,الاحتفاظ بالرصيد للفترة التالية,Garder le solde pour la prochaine période
leftover_move_title,Option,Move to another allocation,نقل إلى ظرف آخر,Transférer à une autre enveloppe
leftover_move_subtitle,Description,Transfer leftover to a different allocation,تحويل المتبقي إلى ظرف مختلف,Transférer le reste à une enveloppe différente
# ──────────────────────────────────────────────,,,,
# SETTINGS — More page,,,,
# ──────────────────────────────────────────────,,,,
settings_more_title,Screen title,More,المزيد,Plus
settings_tools_section,Section header,Tools,الأدوات,Outils
settings_automation_section,Section header,Automation,الأتمتة,Automatisation
settings_accounts_sub,Tile subtitle,Manage your accounts and balances,إدارة حساباتك وأرصدتك,Gérez vos comptes et soldes
settings_categories_sub,Tile subtitle,Manage groups and categories,إدارة المجموعات والفئات,Gérez les groupes et catégories
settings_bill_splitter_sub,Tile subtitle,Split bills & scan receipts,تقسيم الفواتير ومسح الإيصالات,Partager les additions et scanner les reçus
settings_bill_calendar_sub,Tile subtitle,View upcoming recurring bills,عرض الفواتير المتكررة القادمة,Voir les factures récurrentes à venir
settings_upcoming_bills_sub,Tile subtitle,Bills due soon with urgency,فواتير مستحقة قريباً مع الأولوية,Factures bientôt dues avec urgence
settings_travel_sub,Tile subtitle,Exchange currency for a trip,صرف عملة لرحلة,Échanger des devises pour un voyage
settings_exchange_rates_sub,Tile subtitle,View and refresh currency rates,عرض وتحديث أسعار الصرف,Voir et actualiser les taux de change
settings_web_companion_sub,Tile subtitle,Manage your budget from a browser,إدارة ميزانيتك من المتصفح,Gérez votre budget depuis un navigateur
settings_recurring_sub,Tile subtitle,Manage recurring transactions,إدارة المعاملات المتكررة,Gérer les transactions récurrentes
settings_templates_sub,Tile subtitle,Save frequent transactions,حفظ المعاملات المتكررة,Enregistrer les transactions fréquentes
settings_subscriptions_sub,Tile subtitle,Track recurring subscriptions,تتبع الاشتراكات المتكررة,Suivre les abonnements récurrents
settings_goals_sub,Tile subtitle,Savings goals and debt tracking,أهداف الادخار وتتبع الديون,Objectifs d'épargne et suivi des dettes
settings_period_sub,Tile subtitle,End period and resolve leftovers,إنهاء الفترة وحل المتبقيات,Terminer la période et résoudre les restes
settings_customization,Tile title,Settings & Customization,الإعدادات والتخصيص,Paramètres et personnalisation
settings_customization_sub,Tile subtitle,"Theme, font, data, preferences",المظهر، الخط، البيانات، التفضيلات,"Thème, police, données, préférences"
settings_about,Tile title,About BudgetSeal,حول BudgetSeal,À propos de BudgetSeal
# ──────────────────────────────────────────────,,,,
# SETTINGS — Theme,,,,
# ──────────────────────────────────────────────,,,,
theme_light,Theme option,Light,فاتح,Clair
theme_dark,Theme option,Dark,داكن,Sombre
theme_black,Theme option,Black,أسود,Noir
theme_system,Theme option,System,النظام,Système
theme_auto,Web theme toggle,Auto,تلقائي,Auto
theme_title,Picker title,Theme,المظهر,Thème
# ──────────────────────────────────────────────,,,,
# SETTINGS — Autofill,,,,
# ──────────────────────────────────────────────,,,,
autofill_title,Sheet title,Auto-fill Settings,إعدادات الملء التلقائي,Paramètres de remplissage auto
autofill_desc,Description,"When you pick a category, these fields are pre-filled from your last transaction with that category.",عند اختيار فئة يتم ملء هذه الحقول تلقائياً من آخر معاملة بتلك الفئة.,Lorsque vous choisissez une catégorie ces champs sont pré-remplis depuis votre dernière transaction.
autofill_account,Toggle,Account,الحساب,Compte
autofill_account_sub,Subtitle,Use the same account as last time,استخدام نفس الحساب كآخر مرة,Utiliser le même compte que la dernière fois
autofill_title_toggle,Toggle,Title,العنوان,Titre
autofill_title_sub,Subtitle,Copy the title from last time,نسخ العنوان من آخر مرة,Copier le titre de la dernière fois
autofill_amount_toggle,Toggle,Amount,المبلغ,Montant
autofill_amount_sub,Subtitle,Copy the amount from last time,نسخ المبلغ من آخر مرة,Copier le montant de la dernière fois
autofill_category_toggle,Toggle,Category,الفئة,Catégorie
autofill_category_sub,Subtitle,Remember last used category per account,تذكر آخر فئة مستخدمة لكل حساب,Se souvenir de la dernière catégorie par compte
autofill_override,Toggle,Override existing values,استبدال القيم الموجودة,Remplacer les valeurs existantes
autofill_override_sub,Subtitle,Replace fields even if you already filled them,استبدال الحقول حتى لو قمت بملئها بالفعل,Remplacer les champs même s'ils sont déjà remplis
# ──────────────────────────────────────────────,,,,
# SETTINGS — Data reset,,,,
# ──────────────────────────────────────────────,,,,
reset_title,Dialog title,Reset Everything,إعادة تعيين كل شيء,Tout réinitialiser
reset_content,Dialog content,This will permanently delete ALL your data:\n\n• All accounts and balances\n• All transactions\n• All envelopes and categories\n• All settings\n\nThis cannot be undone. Are you absolutely sure?,سيؤدي هذا إلى حذف جميع بياناتك نهائياً:\n\n• جميع الحسابات والأرصدة\n• جميع المعاملات\n• جميع الأظرف والفئات\n• جميع الإعدادات\n\nلا يمكن التراجع. هل أنت متأكد تماماً؟,Cela supprimera définitivement TOUTES vos données :\n\n• Tous les comptes et soldes\n• Toutes les transactions\n• Toutes les enveloppes et catégories\n• Tous les paramètres\n\nCette action est irréversible. Êtes-vous absolument sûr ?
reset_button,Destructive button,Delete Everything,حذف كل شيء,Tout supprimer
# ──────────────────────────────────────────────,,,,
# SETTINGS — Transaction colors,,,,
# ──────────────────────────────────────────────,,,,
tx_colors_title,Sheet title,Transaction Colors,ألوان المعاملات,Couleurs des transactions
tx_colors_desc,Description,"Choose a color for each transaction type. These colors are used throughout the app to visually distinguish income, expenses, and transfers.",اختر لوناً لكل نوع معاملة. تُستخدم هذه الألوان في التطبيق للتمييز بصرياً بين الدخل والمصاريف والتحويلات.,"Choisissez une couleur pour chaque type de transaction. Ces couleurs sont utilisées dans l'application pour distinguer visuellement les revenus, dépenses et virements."
tx_colors_reset,Button,Reset to Defaults,إعادة تعيين للافتراضي,Réinitialiser les valeurs par défaut
# ──────────────────────────────────────────────,,,,
# SETTINGS — Household,,,,
# ──────────────────────────────────────────────,,,,
household_name_title,Dialog title,Household Name,اسم الأسرة,Nom du foyer
# ──────────────────────────────────────────────,,,,
# SETTINGS — Tiles (titles),,,,
# ──────────────────────────────────────────────,,,,
tile_bill_calendar,Tile title,Bill Calendar,تقويم الفواتير,Calendrier des factures
tile_upcoming_bills,Tile title,Upcoming Bills,الفواتير القادمة,Factures à venir
tile_travel_exchange,Tile title,Travel Exchange,صرف السفر,Change de voyage
tile_exchange_rates,Tile title,Exchange rates,أسعار الصرف,Taux de change
tile_web_companion,Tile title,Web Companion,المرافق الإلكتروني,Compagnon Web
tile_recurring,Tile title,Recurring,المتكررة,Récurrents
tile_templates,Tile title,Templates,القوالب,Modèles
tile_subscriptions,Tile title,Subscriptions,الاشتراكات,Abonnements
tile_goals_loans,Tile title,Goals & Loans,الأهداف والقروض,Objectifs et prêts
tile_period_transition,Tile title,Period Transition,انتقال الفترة,Transition de période
# ──────────────────────────────────────────────,,,,
# CLOUD SYNC,,,,
# ──────────────────────────────────────────────,,,,
sync_title,AppBar title,Cloud Sync,المزامنة السحابية,Synchronisation cloud
sync_not_connected,Status,Not connected,غير متصل,Non connecté
sync_syncing,Status,Syncing...,جارٍ المزامنة...,Synchronisation...
sync_last_failed,Status,Last sync failed,فشلت آخر مزامنة,Dernière sync échouée
sync_not_yet,Status,Not yet synced,لم تتم المزامنة بعد,Pas encore synchronisé
sync_connect_prompt,Subtitle,Connect a cloud provider to sync your data,اربط مزود سحابي لمزامنة بياناتك,Connectez un fournisseur cloud pour synchroniser
sync_now,Button,Sync Now,مزامنة الآن,Synchroniser maintenant
sync_share_household,Button / sheet title,Share Household,مشاركة الأسرة,Partager le foyer
sync_disconnect,Button / dialog title,Disconnect,قطع الاتصال,Déconnecter
sync_connect_section,Section header,Connect a provider,ربط مزود,Connecter un fournisseur
sync_receipt_coming_soon,Note,Receipt sync coming soon for this provider,مزامنة الإيصالات قريباً لهذا المزود,Synchronisation des reçus bientôt disponible
sync_provider_info,Info text,"OneDrive and Dropbox open the system file picker, which can access those services when their apps are installed on your device. Google Drive requires a Google Cloud project with OAuth configured.",OneDrive وDropbox يفتحان منتقي الملفات الذي يصل لتلك الخدمات عند تثبيت تطبيقاتها. Google Drive يتطلب مشروع Google Cloud مع OAuth.,OneDrive et Dropbox ouvrent le sélecteur de fichiers système qui accède à ces services quand leurs apps sont installées. Google Drive nécessite un projet Google Cloud avec OAuth.
sync_connection_failed,Dialog title,Connection Failed,فشل الاتصال,Échec de la connexion
sync_failed_to_connect,Default error,Failed to connect,فشل الاتصال,Échec de la connexion
sync_disconnect_msg,Dialog content,"Your data will remain on your device, but automatic sync will stop. You can reconnect at any time.",ستبقى بياناتك على جهازك، لكن المزامنة التلقائية ستتوقف. يمكنك إعادة الاتصال في أي وقت.,"Vos données resteront sur votre appareil, mais la synchronisation automatique s'arrêtera. Vous pourrez vous reconnecter à tout moment."
sync_share_desc,Sheet description,Share your BudgetSeal data with another person. They will be able to sync to the same file on Google Drive.,شارك بيانات BudgetSeal مع شخص آخر. سيتمكن من المزامنة مع نفس الملف على Google Drive.,Partagez vos données BudgetSeal avec une autre personne. Elle pourra synchroniser avec le même fichier Google Drive.
sync_their_email,Field label,Their email address,عنوان بريدهم الإلكتروني,Leur adresse e-mail
sync_email_hint,Field hint,partner@gmail.com,partner@gmail.com,partenaire@gmail.com
sync_sharing,Button,Sharing...,جارٍ المشاركة...,Partage...
sync_generate_invite,Button,Generate Invite Code,إنشاء رمز الدعوة,Générer un code d'invitation
sync_invite_code,Label,Invite Code,رمز الدعوة,Code d'invitation
sync_share_code,Button,Share Code,مشاركة الرمز,Partager le code
sync_valid_email_error,Validation,Please enter a valid email address,الرجاء إدخال عنوان بريد إلكتروني صالح,Veuillez saisir une adresse e-mail valide
sync_encryption_title,Card title,Sync Encryption,تشفير المزامنة,Chiffrement de la synchronisation
sync_encrypted,Subtitle,Your sync file is encrypted with AES-256,ملف المزامنة مشفر بـ AES-256,Votre fichier de synchronisation est chiffré en AES-256
sync_not_encrypted,Subtitle,Sync file is not encrypted,ملف المزامنة غير مشفر,Le fichier de synchronisation n'est pas chiffré
sync_gdrive_warning,Warning,Anyone with access to your Google Drive can read your financial data,أي شخص يصل إلى Google Drive يمكنه قراءة بياناتك المالية,Toute personne ayant accès à votre Google Drive peut lire vos données financières
sync_set_password_title,Dialog title,Set Sync Password,تعيين كلمة مرور المزامنة,Définir le mot de passe de synchronisation
sync_password_desc,Dialog description,This password encrypts your sync file on Google Drive. You'll need the same password on any other device that syncs with this household.,تشفّر هذه الكلمة ملف المزامنة على Google Drive. ستحتاج نفس الكلمة على أي جهاز آخر يتزامن مع هذه الأسرة.,Ce mot de passe chiffre votre fichier de synchronisation sur Google Drive. Vous aurez besoin du même mot de passe sur tout autre appareil.
sync_password_label,Field label,Password,كلمة المرور,Mot de passe
sync_password_hint,Field hint,Enter a strong password,أدخل كلمة مرور قوية,Saisissez un mot de passe fort
sync_confirm_password,Field label,Confirm Password,تأكيد كلمة المرور,Confirmer le mot de passe
sync_set_password_button,Button,Set Password,تعيين كلمة المرور,Définir le mot de passe
sync_passwords_dont_match,Snackbar error,Passwords don't match,كلمتا المرور غير متطابقتين,Les mots de passe ne correspondent pas
sync_encryption_enabled,Snackbar,Sync encryption enabled. Next sync will be encrypted.,تم تفعيل التشفير. ستكون المزامنة التالية مشفرة.,Chiffrement activé. La prochaine synchronisation sera chiffrée.
sync_remove_encryption_title,Dialog title,Remove Encryption?,إزالة التشفير؟,Supprimer le chiffrement ?
sync_remove_encryption_msg,Dialog content,Future sync files will be unencrypted. Other devices will need to remove their password too.,ستكون ملفات المزامنة المستقبلية غير مشفرة. ستحتاج الأجهزة الأخرى لإزالة كلمة المرور أيضاً.,Les futurs fichiers de synchronisation ne seront pas chiffrés. Les autres appareils devront aussi supprimer leur mot de passe.
sync_encryption_removed,Snackbar,Sync encryption removed,تم إزالة التشفير,Chiffrement supprimé
# ──────────────────────────────────────────────,,,,
# SYNC — Provider names,,,,
# ──────────────────────────────────────────────,,,,
provider_google_drive,Provider name,Google Drive,Google Drive,Google Drive
provider_google_drive_sub,Provider subtitle,Sign in with your Google account,تسجيل الدخول بحساب Google,Connectez-vous avec votre compte Google
provider_onedrive,Provider name,OneDrive,OneDrive,OneDrive
provider_onedrive_sub,Provider subtitle,Requires the OneDrive app installed,يتطلب تثبيت تطبيق OneDrive,Nécessite l'application OneDrive installée
provider_dropbox,Provider name,Dropbox,Dropbox,Dropbox
provider_dropbox_sub,Provider subtitle,Requires the Dropbox app installed,يتطلب تثبيت تطبيق Dropbox,Nécessite l'application Dropbox installée
provider_local_file,Provider name,Local File,ملف محلي,Fichier local
provider_local_file_sub,Provider subtitle,Pick any file on your device,اختر أي ملف على جهازك,Choisissez un fichier sur votre appareil
sync_no_file_found,Error,No sync file found,لم يتم العثور على ملف مزامنة,Aucun fichier de synchronisation trouvé
# ──────────────────────────────────────────────,,,,
# BACKUP & RESTORE,,,,
# ──────────────────────────────────────────────,,,,
backup_title,AppBar title,Backup & Restore,النسخ الاحتياطي والاستعادة,Sauvegarde et restauration
backup_auto_title,Card title,Automatic Backups,النسخ الاحتياطي التلقائي,Sauvegardes automatiques
backup_enable,Switch,Enable automatic backups,تفعيل النسخ الاحتياطي التلقائي,Activer les sauvegardes automatiques
backup_disabled,Subtitle,Disabled,معطل,Désactivé
backup_frequency,Label,Frequency,التكرار,Fréquence
backup_every_6h,Option,Every 6 hours,كل 6 ساعات,Toutes les 6 heures
backup_every_12h,Option,Every 12 hours,كل 12 ساعة,Toutes les 12 heures
backup_daily,Option,Daily,يومي,Quotidien
backup_every_3d,Option,Every 3 days,كل 3 أيام,Tous les 3 jours
backup_weekly,Option,Weekly,أسبوعي,Hebdomadaire
backup_keep_last,Label,Keep last,الاحتفاظ بآخر,Garder les dernières
backup_n_backups,Option,{n} backups,{n} نسخ احتياطية,{n} sauvegardes
backup_manual_title,Card title,Manual Backup,نسخ احتياطي يدوي,Sauvegarde manuelle
backup_export_desc,Help text,Export your database to share or store externally.,تصدير قاعدة البيانات لمشاركتها أو تخزينها خارجياً.,Exportez votre base de données pour la partager ou la stocker.
backup_exporting,Button,Exporting...,جارٍ التصدير...,Exportation...
backup_export_share,Button,Export & Share,تصدير ومشاركة,Exporter et partager
backup_restore_title,Card title,Restore,الاستعادة,Restauration
backup_restore_desc,Help text,Pick a .db file to restore from.,اختر ملف .db للاستعادة منه.,Choisissez un fichier .db pour restaurer.
backup_restore_from_file,Button,Restore from File,الاستعادة من ملف,Restaurer depuis un fichier
backup_local_section,Section header,Local backups,النسخ الاحتياطية المحلية,Sauvegardes locales
backup_restore_dialog_title,Dialog title,Restore Backup,استعادة النسخة الاحتياطية,Restaurer la sauvegarde
backup_restore_warning,Dialog content,This will replace ALL current data with the backup. This cannot be undone. Continue?,سيتم استبدال جميع البيانات الحالية بالنسخة الاحتياطية. لا يمكن التراجع. متابعة؟,Cela remplacera TOUTES les données actuelles par la sauvegarde. Irréversible. Continuer ?
backup_restored,Snackbar,Backup restored. Please restart the app.,تمت الاستعادة. يرجى إعادة تشغيل التطبيق.,Sauvegarde restaurée. Veuillez redémarrer l'application.
backup_db_not_found,Error,Database file not found,ملف قاعدة البيانات غير موجود,Fichier de base de données introuvable
backup_too_large,Error,Backup file too large (max 100MB),ملف النسخة كبير جداً (الحد 100MB),Fichier trop volumineux (max 100 Mo)
backup_invalid,Error,Invalid backup file — not a valid database,ملف غير صالح — ليس قاعدة بيانات صالحة,Fichier de sauvegarde invalide — base de données non valide
# ──────────────────────────────────────────────,,,,
# IMPORT & EXPORT,,,,
# ──────────────────────────────────────────────,,,,
ie_title,AppBar title,Import & Export,الاستيراد والتصدير,Importation et exportation
ie_import_csv,Tile title,Import CSV,استيراد CSV,Importer CSV
ie_import_csv_sub,Tile subtitle,Import transactions from a bank CSV file,استيراد المعاملات من ملف CSV بنكي,Importer des transactions depuis un fichier CSV bancaire
ie_export_csv,Tile title,Export CSV,تصدير CSV,Exporter CSV
ie_export_csv_sub,Tile subtitle,Export transactions as a spreadsheet,تصدير المعاملات كجدول بيانات,Exporter les transactions en tableur
ie_export_report,Tile title,Export Report,تصدير التقرير,Exporter le rapport
ie_export_report_sub,Tile subtitle,Generate a printable monthly report,إنشاء تقرير شهري قابل للطباعة,Générer un rapport mensuel imprimable
# ──────────────────────────────────────────────,,,,
# EXPORT REPORT,,,,
# ──────────────────────────────────────────────,,,,
export_report_title,AppBar title,Export Report,تصدير التقرير,Exporter le rapport
export_monthly_title,Card title,Monthly Report,التقرير الشهري,Rapport mensuel
export_monthly_desc,Description,Generate a printable HTML report for a selected month. Open it in a browser and use Print > Save as PDF.,إنشاء تقرير HTML قابل للطباعة لشهر محدد. افتحه في المتصفح واستخدم طباعة > حفظ كـ PDF.,Générez un rapport HTML imprimable. Ouvrez-le dans un navigateur et utilisez Imprimer > Enregistrer en PDF.
export_generating,Button,Generating...,جارٍ الإنشاء...,Génération...
export_generate_share,Button,Generate & Share,إنشاء ومشاركة,Générer et partager
export_spending_by_cat,HTML section,Spending by Category,الإنفاق حسب الفئة,Dépenses par catégorie
# ──────────────────────────────────────────────,,,,
# NOTIFICATIONS,,,,
# ──────────────────────────────────────────────,,,,
notif_title,AppBar title,Notifications,الإشعارات,Notifications
notif_daily_title,Card title,Daily Reminder,التذكير اليومي,Rappel quotidien
notif_daily_enable,Switch,Enable daily reminder,تفعيل التذكير اليومي,Activer le rappel quotidien
notif_daily_disabled,Subtitle,Remind me to log transactions,ذكّرني بتسجيل المعاملات,Me rappeler d'enregistrer les transactions
notif_time,Label,Time,الوقت,Heure
notif_custom_message,Hint,Custom message (optional),رسالة مخصصة (اختياري),Message personnalisé (optionnel)
notif_envelope_title,Card title,Envelope Alerts,تنبيهات الأظرف,Alertes d'enveloppes
notif_envelope_desc,Description,"You'll receive a notification when envelopes are overspent. These check on app startup, at most once every 6 hours.",ستتلقى إشعاراً عندما تتجاوز الأظرف حدها. يتم التحقق عند بدء التطبيق مرة كل 6 ساعات كحد أقصى.,Vous recevrez une notification quand les enveloppes sont dépassées. Vérification au démarrage toutes les 6 heures max.
notif_bills_title,Card title,Upcoming Bills,الفواتير القادمة,Factures à venir
notif_bills_desc,Description,You'll receive a notification when recurring transactions are due within 2 days. Checks on app startup.,ستتلقى إشعاراً عندما تكون المعاملات المتكررة مستحقة خلال يومين. يتم التحقق عند بدء التطبيق.,Vous recevrez une notification quand des transactions récurrentes sont dues sous 2 jours. Vérification au démarrage.
# ──────────────────────────────────────────────,,,,
# EXCHANGE RATES,,,,
# ──────────────────────────────────────────────,,,,
fx_title,AppBar title,Exchange Rates,أسعار الصرف,Taux de change
fx_refresh_tooltip,Tooltip,Refresh rates,تحديث الأسعار,Actualiser les taux
fx_could_not_fetch,Error title,Could not fetch rates,تعذّر جلب الأسعار,Impossible de récupérer les taux
fx_no_rates,Empty title,No rates available,لا أسعار متاحة,Aucun taux disponible
fx_check_internet,Subtitle,Check your internet connection and try again.,تحقق من اتصالك بالإنترنت وأعد المحاولة.,Vérifiez votre connexion internet et réessayez.
fx_cache_info,Info text,Live rates are cached for an hour and filled in when you add a transaction. Tap a currency to set your own rate — it is used instead of the live one until you switch back.,تُخزَّن الأسعار المباشرة لمدة ساعة وتُملأ عند إضافة معاملة. اضغط على عملة لتحديد سعرك الخاص — يُستخدم بدل السعر المباشر حتى تعود إليه.,Les taux en direct sont mis en cache une heure et remplis lors de l'ajout d'une transaction. Touchez une devise pour définir votre propre taux — il remplace le taux en direct jusqu'à ce que vous y reveniez.
# ──────────────────────────────────────────────,,,,
# ABOUT,,,,
# ──────────────────────────────────────────────,,,,
about_title,AppBar title,About,حول,À propos
about_share,Action,Share,مشاركة,Partager
about_contact,Action,Contact,تواصل,Contact
about_share_text,Share text,Check out BudgetSeal — envelope budgeting made simple!,جرب BudgetSeal — ميزانية الأظرف ببساطة!,Découvrez BudgetSeal — la budgétisation par enveloppes simplifiée !
about_privacy,Privacy notice,No tracking. Your data stays on your device.,بدون تتبع. بياناتك تبقى على جهازك.,Aucun suivi. Vos données restent sur votre appareil.
about_credit,Credit line,Made by Samer,صنعه سامر,Créé par Samer
# ──────────────────────────────────────────────,,,,
# HEALTH CHECK,,,,
# ──────────────────────────────────────────────,,,,
health_title,AppBar title,Health Check,فحص السلامة,Bilan de santé
health_export_tooltip,Tooltip,Export report,تصدير التقرير,Exporter le rapport
health_rerun_tooltip,Tooltip,Re-run check,إعادة الفحص,Relancer le bilan
health_all_clear,Status title,All Clear,كل شيء سليم,Tout est en ordre
health_issues_found,Status title,Issues Found,تم اكتشاف مشاكل,Problèmes détectés
health_data_consistent,Subtitle,Your data is consistent and healthy,بياناتك متسقة وسليمة,Vos données sont cohérentes et saines
health_discrepancies,Subtitle,Some balance discrepancies detected,تم اكتشاف بعض اختلافات الأرصدة,Des écarts de solde détectés
health_transactions_stat,Badge,Transactions,المعاملات,Transactions
health_ledger_stat,Badge,Ledger,السجل,Grand livre
health_backup_stat,Badge,Backup,النسخة الاحتياطية,Sauvegarde
health_never,Badge value,Never,أبداً,Jamais
health_balance_invariant,Section,Balance Invariant,ثابت الرصيد,Invariant de solde
health_account_balances,Section,Account Balances,أرصدة الحسابات,Soldes des comptes
health_envelope_balances,Section,Envelope Balances,أرصدة الأظرف,Soldes des enveloppes
health_data_quality,Section,Data Quality,جودة البيانات,Qualité des données
health_repair_button,Button,Repair Balances,إصلاح الأرصدة,Réparer les soldes
health_ledger_entries,Label,Ledger entries,إدخالات السجل,Écritures du grand livre
health_soft_deleted,Label,Soft-deleted,محذوفة مبدئياً,Supprimées temporairement
health_orphan_entries,Label,Orphan ledger entries,إدخالات سجل يتيمة,Écritures orphelines
health_last_backup,Label,Last backup,آخر نسخة احتياطية,Dernière sauvegarde
health_no_accounts,Empty state,No accounts,لا حسابات,Aucun compte
health_no_envelopes,Empty state,No envelopes,لا أظرف,Aucune enveloppe
health_repair_title,Dialog title,Repair Balances,إصلاح الأرصدة,Réparer les soldes
health_repair_msg,Dialog content,This will create adjustment ledger entries to bring allocation balances back in line with account balances. A backup is recommended before proceeding.\n\nContinue?,سيتم إنشاء إدخالات تعديل لإعادة مطابقة أرصدة الأظرف مع الحسابات. يُنصح بعمل نسخة احتياطية قبل المتابعة.\n\nالمتابعة؟,Cela créera des écritures d'ajustement pour réaligner les soldes des enveloppes avec les comptes. Une sauvegarde est recommandée.\n\nContinuer ?
health_repair_done,Button,Repair,إصلاح,Réparer
health_no_adjustments,Snackbar,No adjustments needed,لا تعديلات مطلوبة,Aucun ajustement nécessaire
health_purge_title,Dialog title,Purge Deleted Transactions,تطهير المعاملات المحذوفة,Purger les transactions supprimées
health_purge_suffix,Dialog text,This cannot be undone.,لا يمكن التراجع عن هذا.,Cette action est irréversible.
health_purge_button,Button,Purge,تطهير,Purger
# ──────────────────────────────────────────────,,,,
# ONBOARDING,,,,
# ──────────────────────────────────────────────,,,,
onboard_welcome_title,Welcome page title,BudgetSeal,BudgetSeal,BudgetSeal
onboard_tagline,Welcome tagline,Give every dollar a purpose.,امنح كل دولار غرضاً.,Donnez un but à chaque dollar.
onboard_step_1,Step text,Add accounts — where your money lives,أضف حسابات — أين يعيش مالك,Ajoutez des comptes — où vit votre argent
onboard_step_2,Step text,Create envelopes — budget for each category,أنشئ أظرفاً — ميزانية لكل فئة,Créez des enveloppes — un budget par catégorie
onboard_step_3,Step text,Fund envelopes — distribute your income,موّل الأظرف — وزّع دخلك,Financez les enveloppes — distribuez vos revenus
onboard_step_4,Step text,Spend — each expense draws from its envelope,أنفق — كل مصروف يُسحب من ظرفه,Dépensez — chaque dépense puise dans son enveloppe
onboard_get_started,Button,Get Started,ابدأ الآن,Commencer
onboard_restore_cloud,Button,Restore from Cloud,الاستعادة من السحابة,Restaurer depuis le cloud
onboard_join_household,Button / sheet title,Join a Household,الانضمام لأسرة,Rejoindre un foyer
onboard_setup_title,Setup page title,Set up your household,إعداد أسرتك,Configurer votre foyer
onboard_change_later,Subtitle,You can change everything later in Settings.,يمكنك تغيير كل شيء لاحقاً من الإعدادات.,Vous pourrez tout modifier plus tard dans les Paramètres.
onboard_household_section,Section,Household,الأسرة,Foyer
onboard_household_name,Field label,Household name,اسم الأسرة,Nom du foyer
onboard_base_currency,Field label,Base currency,العملة الأساسية,Devise de base
onboard_period_start,Field label,Period start day,يوم بداية الفترة,Jour de début de période
onboard_first_account_section,Section,First account,الحساب الأول,Premier compte
onboard_account_name,Field label,Account name,اسم الحساب,Nom du compte
onboard_type_cash,Chip,Cash,نقدي,Espèces
onboard_type_bank,Chip,Bank,بنك,Banque
onboard_type_credit,Chip,Credit,ائتمان,Crédit
onboard_type_digital,Chip,Digital,رقمي,Numérique
onboard_categories_section,Section,Categories,الفئات,Catégories
onboard_full_set,Toggle title,Full set,مجموعة كاملة,Jeu complet
onboard_full_set_sub,Toggle subtitle,30 categories with subcategories,30 فئة مع فئات فرعية,30 catégories avec sous-catégories
onboard_empty,Toggle title,Empty,فارغ,Vide
onboard_empty_sub,Toggle subtitle,Create your own from scratch,أنشئ فئاتك من الصفر,Créez les vôtres à partir de zéro
onboard_entry_section,Section,Transaction entry,إدخال المعاملات,Saisie des transactions
onboard_assisted,Toggle title,Assisted,مساعَد,Assisté
onboard_assisted_sub,Toggle subtitle,"Step-by-step, fast for daily use",خطوة بخطوة، سريع للاستخدام اليومي,"Étape par étape, rapide pour l'utilisation quotidienne"
onboard_classic,Toggle title,Classic form,النموذج الكلاسيكي,Formulaire classique
onboard_classic_sub,Toggle subtitle,"All fields at once, for complex entries",جميع الحقول دفعة واحدة، للإدخالات المعقدة,"Tous les champs à la fois, pour les saisies complexes"
onboard_create_start,Button,Create & Start,إنشاء وبدء,Créer et commencer
onboard_all_set,Done page title,You're all set!,أنت جاهز!,Vous êtes prêt !
onboard_done_subtitle,Done page subtitle,Start tracking your expenses.\nYour financial clarity begins now.,ابدأ تتبع مصاريفك.\nوضوحك المالي يبدأ الآن.,Commencez à suivre vos dépenses.\nVotre clarté financière commence maintenant.
onboard_start_using,Button,Start Using BudgetSeal,ابدأ استخدام BudgetSeal,Commencer à utiliser BudgetSeal
onboard_restore_title,Sheet title,Restore from Cloud,الاستعادة من السحابة,Restaurer depuis le cloud
onboard_restore_desc,Sheet description,Choose where your backup is stored. This will replace any local data.,اختر مكان النسخة الاحتياطية. سيتم استبدال أي بيانات محلية.,Choisissez où votre sauvegarde est stockée. Cela remplacera les données locales.
onboard_google_drive,Button,Google Drive,Google Drive,Google Drive
onboard_pick_file,Button,Pick a File,اختر ملفاً,Choisir un fichier
onboard_join_desc,Sheet description,Enter the invite code shared with you to join an existing BudgetSeal household.,أدخل رمز الدعوة المُشارَك لك للانضمام لأسرة BudgetSeal موجودة.,Entrez le code d'invitation partagé avec vous pour rejoindre un foyer BudgetSeal existant.
onboard_invite_code,Field label,Invite code,رمز الدعوة,Code d'invitation
onboard_invite_hint,Field hint,PP-...,PP-...,PP-...
onboard_join_button,Button,Join Household,الانضمام للأسرة,Rejoindre le foyer
onboard_enter_code_error,Validation,Please enter an invite code,الرجاء إدخال رمز الدعوة,Veuillez saisir un code d'invitation
onboard_invalid_code_error,Validation,Invalid invite code. It should start with PP-,رمز دعوة غير صالح. يجب أن يبدأ بـ PP-,Code d'invitation invalide. Il doit commencer par PP-
# ──────────────────────────────────────────────,,,,
# LOCK SCREEN,,,,
# ──────────────────────────────────────────────,,,,
lock_setup_reason,Biometric reason,Set up a screen lock to protect BudgetSeal,أعدّ قفل الشاشة لحماية BudgetSeal,Configurez un verrouillage d'écran pour protéger BudgetSeal
lock_unlock_reason,Biometric reason,Unlock BudgetSeal,فتح BudgetSeal,Déverrouiller BudgetSeal
lock_failed,Snackbar,Unlock failed: {error},فشل الفتح: {error},Échec du déverrouillage : {error}
lock_tap_to_unlock,Instruction,Tap to unlock,اضغط للفتح,Appuyez pour déverrouiller
lock_unlock_button,Button,Unlock,فتح,Déverrouiller
# ──────────────────────────────────────────────,,,,
# REPORTS,,,,
# ──────────────────────────────────────────────,,,,
reports_title,Screen title,Reports,التقارير,Rapports
reports_overview_tab,Tab,Overview,نظرة عامة,Aperçu
reports_categories_tab,Tab,Categories,الفئات,Catégories
reports_insights_tab,Tab,Insights,رؤى,Analyses
reports_balance_tab,Tab,Balance Sheet,الميزانية العمومية,Bilan
reports_hint_title,Hint title,Explore your spending patterns,استكشف أنماط إنفاقك,Explorez vos habitudes de dépenses
reports_hint_body,Hint body,Switch between tabs to see different views. The Insights tab shows your financial health.,تنقل بين علامات التبويب لعرض مختلف. علامة الرؤى تُظهر صحتك المالية.,Basculez entre les onglets pour différentes vues. L'onglet Analyses montre votre santé financière.
reports_daily_pace,Summary label,Daily pace,السرعة اليومية,Rythme quotidien
reports_projected_total,Summary label,Projected total,الإجمالي المتوقع,Total projeté
reports_less_than_last,Comparison,{pct}% less than last month,{pct}% أقل من الشهر الماضي,{pct}% de moins que le mois dernier
reports_more_than_last,Comparison,{pct}% more than last month,{pct}% أكثر من الشهر الماضي,{pct}% de plus que le mois dernier
reports_same_as_last,Comparison,Same as last month,مثل الشهر الماضي,Identique au mois dernier
reports_spending_activity,Section title,Spending Activity,نشاط الإنفاق,Activité de dépenses
reports_heatmap_none,Legend,None,لا شيء,Aucun
reports_heatmap_help,Help text,Each square is one day. Darker = higher amount. Scroll left to see past months.,كل مربع يمثل يوماً. أغمق = مبلغ أعلى. مرر لليسار لرؤية الأشهر السابقة.,Chaque carré est un jour. Plus sombre = montant plus élevé. Faites défiler à gauche pour les mois précédents.
reports_6_month_trend,Toggle / title,6-Month Trend,اتجاه 6 أشهر,Tendance sur 6 mois
reports_daily_pace_toggle,Toggle,Daily Pace,السرعة اليومية,Rythme quotidien
reports_no_spending,Empty state,No spending this month,لا إنفاق هذا الشهر,Aucune dépense ce mois-ci
reports_top_spending,Toggle,Top spending,أعلى إنفاق,Top dépenses
reports_top_transactions,Toggle,Top transactions,أعلى معاملات,Top transactions
reports_no_expenses,Empty state,No expenses this period,لا مصاريف في هذه الفترة,Aucune dépense pour cette période
reports_no_note,Fallback,No note,بدون ملاحظة,Aucune note
reports_new_badge,Badge,NEW,جديد,NOUVEAU
reports_current_legend,Legend,Current,الحالي,Actuel
reports_typical_legend,Legend,Typical,المعتاد,Typique
reports_velocity_title,Card title,Spending Velocity,سرعة الإنفاق,Vélocité des dépenses
reports_projected,Label,Projected,المتوقع,Projeté
reports_budget,Label,Budget,الميزانية,Budget
reports_daily_rate,Stat label,Daily rate,المعدل اليومي,Taux quotidien
reports_day,Stat label,Day,يوم,Jour
reports_biggest_expense,Card label,Biggest Expense,أكبر مصروف,Plus grosse dépense
reports_savings_rate,Card label,Savings Rate,معدل الادخار,Taux d'épargne
reports_recurring_title,Card title,Recurring Transactions,المعاملات المتكررة,Transactions récurrentes
reports_age_title,Card title,Age of Money,عمر المال,Âge de l'argent
reports_age_excellent,Rating,Excellent,ممتاز,Excellent
reports_age_getting_there,Rating,Getting there,في التقدم,En bonne voie
reports_age_needs_work,Rating,Needs work,يحتاج عملاً,À améliorer
reports_age_excellent_desc,Description,You're spending last month's income -- a sign of financial stability.,تنفق دخل الشهر الماضي — علامة على الاستقرار المالي.,Vous dépensez les revenus du mois dernier — signe de stabilité financière.
reports_age_getting_desc,Description,You're building a buffer but not quite there yet. Keep it up!,تبني احتياطياً لكنك لم تصل بعد. واصل!,Vous construisez un tampon mais n'y êtes pas encore. Continuez !
reports_age_needs_desc,Description,You're living paycheck to paycheck. Try to build up a buffer over time.,تعيش من راتب لراتب. حاول بناء احتياطي مع الوقت.,Vous vivez au jour le jour. Essayez de constituer un tampon avec le temps.
reports_age_goal,Goal text,Goal: 30+ days,الهدف: 30+ يوم,Objectif : 30+ jours
reports_age_explanation,Explanation,Age of Money measures how many days your money sits before you spend it. It traces each expense back to the income that funded it (oldest income first).,يقيس عمر المال عدد الأيام التي يبقى فيها مالك قبل إنفاقه. يتتبع كل مصروف إلى الدخل الذي موّله (الأقدم أولاً).,L'Âge de l'argent mesure combien de jours votre argent reste avant d'être dépensé. Il retrace chaque dépense jusqu'au revenu qui l'a financée (le plus ancien d'abord).
reports_tips_section,Section header,Tips,نصائح,Conseils
reports_net_worth,Section title,Net worth,صافي الثروة,Patrimoine net
reports_assets,Section header,Assets,الأصول,Actifs
reports_liabilities,Section header,Liabilities,الالتزامات,Passifs
reports_compare_to,Sheet title,Compare balances to:,مقارنة الأرصدة بـ:,Comparer les soldes à :
reports_end_last_week,Compare option,End of Last Week,نهاية الأسبوع الماضي,Fin de la semaine dernière
reports_end_last_month,Compare option,End of Last Month,نهاية الشهر الماضي,Fin du mois dernier
reports_same_time_last_month,Compare option,Same Time Last Month,نفس الوقت الشهر الماضي,Même période le mois dernier
reports_end_last_quarter,Compare option,End of Last Quarter,نهاية الربع الماضي,Fin du dernier trimestre
reports_end_last_year,Compare option,End of Last Year,نهاية السنة الماضية,Fin de l'année dernière
reports_same_time_last_year,Compare option,Same Time Last Year,نفس الوقت السنة الماضية,Même période l'année dernière
reports_custom,Compare option,Custom...,مخصص...,Personnalisé...
# ──────────────────────────────────────────────,,,,
# WEB COMPANION — Phone UI,,,,
# ──────────────────────────────────────────────,,,,
wc_title,AppBar title,Web Companion,المرافق الإلكتروني,Compagnon Web
wc_stopped,Status,Server stopped,الخادم متوقف,Serveur arrêté
wc_starting,Status,Starting...,جارٍ البدء...,Démarrage...
wc_running,Status,Server running,الخادم يعمل,Serveur en marche
wc_error,Status,Error,خطأ,Erreur
wc_no_wifi,Status,No WiFi,بدون WiFi,Pas de WiFi
wc_auto_stop,Subtitle,Stops automatically after 6 hours,يتوقف تلقائياً بعد 6 ساعات,S'arrête automatiquement après 6 heures
wc_stop_button,Button,Stop Server,إيقاف الخادم,Arrêter le serveur
wc_start_button,Button,Start Server,تشغيل الخادم,Démarrer le serveur
wc_open_on_laptop,Card title,Open on your laptop,افتح على حاسوبك,Ouvrez sur votre ordinateur
wc_url_copied,Snackbar,URL copied to clipboard,تم نسخ الرابط,URL copiée dans le presse-papiers
wc_copy_url,Tooltip,Copy URL,نسخ الرابط,Copier l'URL
wc_hide_qr,Toggle,Hide QR code,إخفاء رمز QR,Masquer le code QR
wc_show_qr,Toggle,Show QR code,إظهار رمز QR,Afficher le code QR
wc_security_title,Card title,Security,الأمان,Sécurité
wc_pin_required,Description,A PIN is required to access the web interface.,مطلوب رمز PIN للوصول إلى واجهة الويب.,Un code PIN est requis pour accéder à l'interface web.
wc_pin_is_set,Status,PIN is set,تم تعيين الـ PIN,PIN défini
wc_no_pin,Status,No PIN set,لم يتم تعيين PIN,Pas de PIN défini
wc_change_pin,Button,Change PIN,تغيير الـ PIN,Changer le PIN
wc_set_pin,Button,Set PIN,تعيين PIN,Définir le PIN
wc_set_pin_title,Sheet title,Set Web PIN,تعيين PIN الويب,Définir le PIN Web
wc_set_pin_subtitle,Sheet subtitle,This PIN protects your budget data. Anyone on the same WiFi will need it to access the web interface.,يحمي هذا الـ PIN بياناتك المالية. أي شخص على نفس شبكة WiFi سيحتاجه للوصول.,Ce PIN protège vos données budgétaires. Toute personne sur le même WiFi en aura besoin.
wc_change_pin_title,Sheet title,Change PIN,تغيير الـ PIN,Changer le PIN
wc_change_pin_subtitle,Sheet subtitle,Enter a new 4-digit PIN for your web interface.,أدخل رمز PIN جديداً من 4 أرقام لواجهة الويب.,Entrez un nouveau code PIN à 4 chiffres pour votre interface web.
wc_4_digit_pin,Field label,4-digit PIN,PIN من 4 أرقام,PIN à 4 chiffres
wc_enter_4_digits_error,Validation,Enter exactly 4 digits,أدخل 4 أرقام بالضبط,Entrez exactement 4 chiffres
wc_update_pin,Button,Update PIN,تحديث الـ PIN,Mettre à jour le PIN
wc_pin_updated,Snackbar,PIN updated. All active sessions signed out.,تم تحديث الـ PIN. تم تسجيل خروج جميع الجلسات.,PIN mis à jour. Toutes les sessions actives déconnectées.
wc_ios_warning,Warning banner,Keep BudgetSeal in the foreground while the server is running. iOS does not support background servers — locking your screen will stop it.,أبقِ BudgetSeal في المقدمة أثناء تشغيل الخادم. iOS لا يدعم الخوادم في الخلفية — قفل الشاشة سيوقفه.,Gardez BudgetSeal au premier plan pendant le fonctionnement du serveur. iOS ne supporte pas les serveurs en arrière-plan — verrouiller l'écran l'arrêtera.
wc_no_wifi_title,Banner title,No WiFi Connection,لا اتصال WiFi,Pas de connexion WiFi
wc_no_wifi_desc,Banner description,Connect your phone to a WiFi network to use Web Companion. The server needs WiFi to let your laptop access the budget.,اربط هاتفك بشبكة WiFi لاستخدام المرافق الإلكتروني. يحتاج الخادم WiFi ليتيح لحاسوبك الوصول.,Connectez votre téléphone au WiFi pour utiliser le Compagnon Web. Le serveur a besoin du WiFi pour que votre ordinateur accède au budget.
wc_public_network,Banner title,Public Network Detected,شبكة عامة مكتشفة,Réseau public détecté
wc_network_security,Banner title,Network Security,أمان الشبكة,Sécurité du réseau
wc_security_warning,Warning title,Security Warning,تحذير أمني,Avertissement de sécurité
wc_info_1,Info bullet,Only accessible on the same WiFi network,يمكن الوصول فقط من نفس شبكة WiFi,Accessible uniquement sur le même réseau WiFi
wc_info_2,Info bullet,Server stops automatically after 6 hours,الخادم يتوقف تلقائياً بعد 6 ساعات,Le serveur s'arrête automatiquement après 6 heures
wc_info_3,Info bullet,5 failed PIN attempts locks the interface for 30 minutes,5 محاولات PIN فاشلة تقفل الواجهة لمدة 30 دقيقة,5 tentatives de PIN échouées verrouillent l'interface pendant 30 minutes
wc_info_4,Info bullet,Use only on trusted private networks — traffic is not encrypted,استخدم فقط على الشبكات الخاصة الموثوقة — حركة البيانات غير مشفرة,Utilisez uniquement sur des réseaux privés de confiance — le trafic n'est pas chiffré
wc_notif_permission,Snackbar,Notification permission is needed to keep the server running in the background.,يلزم إذن الإشعارات لإبقاء الخادم يعمل في الخلفية.,L'autorisation de notification est nécessaire pour maintenir le serveur en arrière-plan.
wc_foreground_channel,Notification channel name,Web Companion,المرافق الإلكتروني,Compagnon Web
wc_foreground_channel_desc,Notification channel description,BudgetSeal Web Companion server is running,خادم المرافق الإلكتروني BudgetSeal يعمل,Le serveur Compagnon Web BudgetSeal est en marche
# ──────────────────────────────────────────────,,,,
# WEB SPA — Auth,,,,
# ──────────────────────────────────────────────,,,,
web_page_title,Browser tab title,BudgetSeal Web,BudgetSeal Web,BudgetSeal Web
web_auth_subtitle,Auth screen,Enter your PIN to continue,أدخل رمز PIN للمتابعة,Entrez votre PIN pour continuer
web_auth_lockout,Auth error,Too many attempts. Try again later.,محاولات كثيرة جداً. أعد المحاولة لاحقاً.,Trop de tentatives. Réessayez plus tard.
web_auth_incorrect,Auth error,Incorrect PIN,رمز PIN غير صحيح,PIN incorrect
# ──────────────────────────────────────────────,,,,
# WEB SPA — Toast / Modal,,,,
# ──────────────────────────────────────────────,,,,
web_server_unreachable,Toast error,Server unreachable,الخادم غير قابل للوصول,Serveur injoignable
web_unexpected_response,Toast error,Unexpected server response,استجابة غير متوقعة من الخادم,Réponse inattendue du serveur
web_unexpected_error,Toast error,Unexpected error,خطأ غير متوقع,Erreur inattendue
web_undo,Toast button,Undo,تراجع,Annuler
web_saving,Modal button,Saving…,جارٍ الحفظ…,Enregistrement…
# ──────────────────────────────────────────────,,,,
# WEB SPA — Dashboard,,,,
# ──────────────────────────────────────────────,,,,
web_dash_no_accounts,Empty state,No accounts yet.,لا حسابات بعد.,Aucun compte pour le moment.
web_dash_unallocated,Banner label,Unallocated,غير موزع,Non affecté
web_dash_no_envelopes,Empty state,No envelopes yet.,لا أظرف بعد.,Aucune enveloppe pour le moment.
web_dash_fallback_tx,Fallback title,Transaction,معاملة,Transaction
web_dash_no_tx_title,Empty title,No transactions yet,لا توجد معاملات بعد,Aucune transaction pour le moment
web_dash_no_tx_sub,Empty subtitle,Add your first transaction to get started,أضف أول معاملة للبدء,Ajoutez votre première transaction pour commencer
web_dash_see_all,Button,See all,عرض الكل,Voir tout
web_dash_recent,Card title,Recent Transactions,المعاملات الأخيرة,Transactions récentes
web_dash_view_all,Button,View all,عرض الكل,Voir tout
# ──────────────────────────────────────────────,,,,
# WEB SPA — Transactions,,,,
# ──────────────────────────────────────────────,,,,
web_tx_no_rate,Warning,No rate,بدون سعر,Pas de taux
web_tx_no_found,Empty state,No transactions found,لا معاملات موجودة,Aucune transaction trouvée
web_tx_csv,Button,CSV,CSV,CSV
web_tx_csv_tooltip,Tooltip,Export CSV,تصدير CSV,Exporter CSV
web_tx_add,Button,+ Add,+ إضافة,+ Ajouter
web_tx_search,Placeholder,Search by title…,البحث بالعنوان…,Rechercher par titre…
web_tx_th_date,Table header,Date,التاريخ,Date
web_tx_th_type,Table header,Type,النوع,Type
web_tx_th_title,Table header,Title,العنوان,Titre
web_tx_th_account,Table header,Account,الحساب,Compte
web_tx_th_category,Table header,Category,الفئة,Catégorie
web_tx_th_amount,Table header,Amount,المبلغ,Montant
web_tx_prev,Pagination,← Prev,→ السابق,← Préc.
web_tx_page_n,Pagination,Page {page},صفحة {page},Page {page}
web_tx_next,Pagination,Next →,التالي ←,Suiv. →
web_tx_csv_exported,Toast,CSV exported,تم تصدير CSV,CSV exporté
web_tx_edit,Button,Edit,تعديل,Modifier
web_tx_del,Button,Del,حذف,Suppr.
# ──────────────────────────────────────────────,,,,
# WEB SPA — Transaction form,,,,
# ──────────────────────────────────────────────,,,,
web_form_type,Label,Type,النوع,Type
web_form_from_account,Label,From Account,من حساب,Compte source
web_form_account,Label,Account,الحساب,Compte
web_form_select_account,Default option,Select account,اختر حساباً,Sélectionner un compte
web_form_to_account,Label,To Account,إلى حساب,Compte destination
web_form_category,Label,Category,الفئة,Catégorie
web_form_none,Default option,— None —,— لا شيء —,— Aucun —
web_form_amount,Label,Amount,المبلغ,Montant
web_form_amount_placeholder,Placeholder,0.00,0.00,0.00
web_form_currency,Label,Currency,العملة,Devise
web_form_currency_placeholder,Placeholder,USD,USD,USD
web_form_exchange_rate,Label,Exchange Rate,سعر الصرف,Taux de change
web_form_rate_placeholder,Placeholder,Rate to base currency,سعر الصرف للعملة الأساسية,Taux vers la devise de base
web_form_date,Label,Date,التاريخ,Date
web_form_title_note,Label,Title / Note,العنوان / الملاحظة,Titre / Note
web_form_optional,Placeholder,Optional,اختياري,Optionnel
web_form_rate_hint,Hint,1 {txCur} = ? {baseCur},1 {txCur} = ؟ {baseCur},1 {txCur} = ? {baseCur}
# ──────────────────────────────────────────────,,,,
# WEB SPA — Transaction validation & CRUD,,,,
# ──────────────────────────────────────────────,,,,
web_val_select_account,Validation,Select an account,اختر حساباً,Sélectionnez un compte
web_val_valid_amount,Validation,Enter a valid amount,أدخل مبلغاً صالحاً,Saisissez un montant valide
web_val_select_dest,Validation,Select destination account,اختر حساب الوجهة,Sélectionnez le compte de destination
web_val_accounts_differ,Validation,From and To accounts must differ,يجب أن يختلف حساب المصدر عن الوجهة,Les comptes source et destination doivent différer
web_modal_add_tx,Modal title,Add Transaction,إضافة معاملة,Ajouter une transaction
web_toast_tx_added,Toast,Transaction added,تمت إضافة المعاملة,Transaction ajoutée
web_modal_edit_tx,Modal title,Edit Transaction,تعديل المعاملة,Modifier la transaction
web_toast_tx_updated,Toast,Transaction updated,تم تحديث المعاملة,Transaction mise à jour
web_toast_tx_deleted,Toast,Transaction deleted,تم حذف المعاملة,Transaction supprimée
web_toast_no_lines,Toast,No line details available,لا تفاصيل خطوط متاحة,Aucun détail de ligne disponible
# ──────────────────────────────────────────────,,,,
# WEB SPA — Transaction detail lines,,,,
# ──────────────────────────────────────────────,,,,
web_tx_lines_header,Section header,Transaction Lines ({count}),سطور المعاملة ({count}),Lignes de transaction ({count})
web_th_line_amount,Table header,Amount,المبلغ,Montant
web_th_line_currency,Table header,Currency,العملة,Devise
web_th_line_category,Table header,Category,الفئة,Catégorie
web_th_line_account,Table header,Account,الحساب,Compte
web_th_line_note,Table header,Note,ملاحظة,Note
web_th_line_rate,Table header,Rate,السعر,Taux
# ──────────────────────────────────────────────,,,,
# WEB SPA — Categories,,,,
# ──────────────────────────────────────────────,,,,
web_cat_sub_singular,Count,1 sub-category,فئة فرعية واحدة,1 sous-catégorie
web_cat_sub_plural,Count,{count} sub-categories,{count} فئات فرعية,{count} sous-catégories
web_cat_section_expense,Section,Expense,مصروف,Dépense
web_cat_section_income,Section,Income,الدخل,Revenu
web_cat_empty_title,Empty title,No categories yet,لا فئات بعد,Aucune catégorie
web_cat_empty_sub,Empty subtitle,Add your first category to get started,أضف أول فئة للبدء,Ajoutez votre première catégorie pour commencer
# ──────────────────────────────────────────────,,,,
# WEB SPA — Category form,,,,
# ──────────────────────────────────────────────,,,,
web_cat_form_name,Label,Name,الاسم,Nom
web_cat_form_name_hint,Placeholder,e.g. Groceries,مثل: بقالة,ex. Courses
web_cat_form_parent,Label,Parent Category,الفئة الأم,Catégorie parente
web_cat_form_none,Default option,— None (top-level) —,— لا شيء (مستوى أعلى) —,— Aucune (niveau supérieur) —
web_cat_form_icon,Label,Icon (emoji),الأيقونة (إيموجي),Icône (émoji)
web_cat_form_color,Label,Color,اللون,Couleur
web_cat_form_type,Label,Transaction Type,نوع المعاملة,Type de transaction
web_modal_add_cat,Modal title,Add Category,إضافة فئة,Ajouter une catégorie
web_val_name_required,Validation,Name is required,الاسم مطلوب,Le nom est requis
web_toast_cat_added,Toast,Category added,تمت إضافة الفئة,Catégorie ajoutée
web_toast_cat_not_found,Toast,Category not found,الفئة غير موجودة,Catégorie introuvable
web_modal_edit_cat,Modal title,Edit Category,تعديل الفئة,Modifier la catégorie
web_toast_cat_updated,Toast,Category updated,تم تحديث الفئة,Catégorie mise à jour
# ──────────────────────────────────────────────,,,,
# WEB SPA — Accounts,,,,
# ──────────────────────────────────────────────,,,,
web_acct_empty_title,Empty title,No accounts yet,لا توجد حسابات بعد,Aucun compte pour le moment
web_acct_empty_sub,Empty subtitle,Add your first account to get started,أضف أول حساب للبدء,Ajoutez votre premier compte pour commencer
web_acct_type_bank,Group label,Bank Accounts,حسابات بنكية,Comptes bancaires
web_acct_type_cash,Group label,Cash,نقدي,Espèces
web_acct_type_credit,Group label,Credit Cards,بطاقات ائتمان,Cartes de crédit
web_acct_type_wallet,Group label,Wallets,محافظ,Portefeuilles
web_acct_net_worth,Card title,Net Worth · {cur},صافي الثروة · {cur},Patrimoine net · {cur}
web_acct_count_singular,Count,1 account,حساب واحد,1 compte
web_acct_count_plural,Count,{count} accounts,{count} حسابات,{count} comptes
web_acct_tx_empty,Empty state,No transactions for this account,لا معاملات لهذا الحساب,Aucune transaction pour ce compte
web_acct_back,Button,← Back,→ رجوع,← Retour
# ──────────────────────────────────────────────,,,,
# WEB SPA — Account form,,,,
# ──────────────────────────────────────────────,,,,
web_acct_form_name_hint,Placeholder,e.g. Checking,مثل: حساب جاري,ex. Compte courant
web_acct_form_type,Label,Type,النوع,Type
web_acct_form_type_bank,Option,Bank,بنك,Banque
web_acct_form_type_cash,Option,Cash,نقدي,Espèces
web_acct_form_type_credit,Option,Credit,ائتمان,Crédit
web_acct_form_type_wallet,Option,Wallet,محفظة,Portefeuille
web_acct_form_opening,Label,Opening Balance,الرصيد الافتتاحي,Solde d'ouverture
web_modal_add_acct,Modal title,Add Account,إضافة حساب,Ajouter un compte
web_toast_acct_added,Toast,Account added,تمت إضافة الحساب,Compte ajouté
# ──────────────────────────────────────────────,,,,
# WEB SPA — Envelopes,,,,
# ──────────────────────────────────────────────,,,,
web_env_empty_title,Empty title,No envelopes,لا أظرف,Aucune enveloppe
web_env_empty_sub,Empty subtitle,Envelopes are managed in the BudgetSeal app.,الأظرف تُدار من تطبيق BudgetSeal.,Les enveloppes sont gérées dans l'application BudgetSeal.
web_env_unallocated,Label,Unallocated:,غير موزع:,Non affecté :
web_env_fund,Button,+ Fund,+ تمويل,+ Financer
web_modal_fund,Modal title,Fund Envelope,تمويل الظرف,Financer l'enveloppe
web_form_amount_to_fund,Label,Amount to Fund,المبلغ للتمويل,Montant à financer
web_form_note,Label,Note,ملاحظة,Note
web_toast_env_funded,Toast,Envelope funded,تم تمويل الظرف,Enveloppe financée
web_btn_fund_confirm,Button,Fund,تمويل,Financer
# ──────────────────────────────────────────────,,,,
# WEB SPA — Recurring,,,,
# ──────────────────────────────────────────────,,,,
web_recurring_empty,Empty state,No recurring transactions,لا معاملات متكررة,Aucune transaction récurrente
web_th_service,Table header,Service,الخدمة,Service
web_th_frequency,Table header,Frequency,التكرار,Fréquence
web_th_next_due,Table header,Next Due,الاستحقاق التالي,Prochaine échéance
web_th_on,Table header,On,مفعّل,Actif
web_toggle_enabled,Toggle title,Enabled,مفعّل,Activé
web_toggle_disabled,Toggle title,Disabled,معطل,Désactivé
web_form_title_label,Label,Title,العنوان,Titre
web_form_title_hint,Placeholder,e.g. Netflix,مثل: Netflix,ex. Netflix
web_form_frequency,Label,Frequency,التكرار,Fréquence
web_form_every,Label,Every,كل,Chaque
web_form_start_date,Label,Start Date,تاريخ البدء,Date de début
web_modal_add_recurring,Modal title,Add Recurring,إضافة متكررة,Ajouter un récurrent
web_toast_recurring_added,Toast,Recurring added,تمت إضافة المتكررة,Récurrent ajouté
web_modal_edit_recurring,Modal title,Edit Recurring,تعديل المتكررة,Modifier le récurrent
web_toast_updated,Toast,Updated,تم التحديث,Mis à jour
web_toast_not_found,Toast,Not found,غير موجود,Introuvable
web_val_select_start_date,Validation,Select a start date,اختر تاريخ البدء,Sélectionnez une date de début
web_confirm_delete_recurring,Dialog title,Delete Recurring,حذف المتكررة,Supprimer le récurrent
web_confirm_delete_recurring_msg,Dialog content,This recurring transaction will be permanently deleted.,سيتم حذف هذه المعاملة المتكررة نهائياً.,Cette transaction récurrente sera supprimée définitivement.
web_toast_deleted,Toast,Deleted,تم الحذف,Supprimé
# ──────────────────────────────────────────────,,,,
# WEB SPA — Subscriptions,,,,
# ──────────────────────────────────────────────,,,,
web_sub_empty,Empty state,No subscriptions yet,لا اشتراكات بعد,Aucun abonnement
web_modal_add_sub,Modal title,Add Subscription,إضافة اشتراك,Ajouter un abonnement
web_toast_sub_added,Toast,Subscription added,تمت إضافة الاشتراك,Abonnement ajouté
web_modal_edit_sub,Modal title,Edit Subscription,تعديل الاشتراك,Modifier l'abonnement
web_form_new_amount,Label,New Amount,المبلغ الجديد,Nouveau montant
web_sub_price_hint,Hint,Changing the amount will add a price history entry.,تغيير المبلغ سيضيف إدخالاً في تاريخ الأسعار.,Modifier le montant ajoutera une entrée dans l'historique des prix.
web_confirm_delete_sub,Dialog title,Delete Subscription,حذف الاشتراك,Supprimer l'abonnement
web_confirm_delete_sub_msg,Dialog content,This subscription will be permanently deleted.,سيتم حذف هذا الاشتراك نهائياً.,Cet abonnement sera supprimé définitivement.
# ──────────────────────────────────────────────,,,,
# WEB SPA — Reports,,,,
# ──────────────────────────────────────────────,,,,
web_reports_year,Label,Year,السنة,Année
web_reports_month,Label,Month,الشهر,Mois
web_reports_load,Button,Load,تحميل,Charger
web_reports_select_prompt,Prompt,Select a period and click Load.,اختر فترة واضغط تحميل.,Sélectionnez une période et cliquez sur Charger.
web_stat_income,Stat label,Income,الدخل,Revenu
web_stat_expenses,Stat label,Expenses,مصاريف,Dépenses
web_stat_net,Stat label,Net,صافي,Net
web_stat_savings_rate,Stat label,Savings Rate,معدل الادخار,Taux d'épargne
web_stat_avg_daily,Stat label,Avg. Daily Spend,متوسط الإنفاق اليومي,Dépense quotidienne moy.
web_stat_transactions,Stat label,Transactions,المعاملات,Transactions
web_report_daily_cashflow,Section title,Daily Cashflow,التدفق النقدي اليومي,Flux de trésorerie quotidien
web_report_spending_cat,Section title,Spending by Category,الإنفاق حسب الفئة,Dépenses par catégorie
web_report_no_expense,Empty state,No expense data,لا بيانات مصاريف,Aucune donnée de dépense
web_report_income_cat,Section title,Income by Category,الدخل حسب الفئة,Revenus par catégorie
web_report_no_income,Empty state,No income data,لا بيانات دخل,Aucune donnée de revenu
web_report_top_expenses,Section title,Top Expenses,أعلى المصاريف,Principales dépenses
web_chart_income,Chart label,Income,الدخل,Revenu
web_chart_expense,Chart label,Expense,مصروف,Dépense
# ──────────────────────────────────────────────,,,,
# WEB SPA — Keyboard shortcuts,,,,
# ──────────────────────────────────────────────,,,,
web_shortcuts_title,Modal title,Keyboard Shortcuts,اختصارات لوحة المفاتيح,Raccourcis clavier
web_shortcut_new_tx,Description,New transaction,معاملة جديدة,Nouvelle transaction
web_shortcut_search,Description,Search transactions,البحث في المعاملات,Rechercher les transactions
web_shortcut_close,Description,Close modal / unfocus,إغلاق النافذة / إلغاء التركيز,Fermer la modale / défocaliser
web_shortcut_help,Description,Show this help,إظهار هذه المساعدة,Afficher cette aide
# ──────────────────────────────────────────────,,,,
# WEB SPA — Months (abbreviated),,,,
# ──────────────────────────────────────────────,,,,
month_jan,Month abbreviation,Jan,يناير,Janv
month_feb,Month abbreviation,Feb,فبراير,Fév
month_mar,Month abbreviation,Mar,مارس,Mars
month_apr,Month abbreviation,Apr,أبريل,Avr
month_may,Month abbreviation,May,مايو,Mai
month_jun,Month abbreviation,Jun,يونيو,Juin
month_jul,Month abbreviation,Jul,يوليو,Juil
month_aug,Month abbreviation,Aug,أغسطس,Août
month_sep,Month abbreviation,Sep,سبتمبر,Sept
month_oct,Month abbreviation,Oct,أكتوبر,Oct
month_nov,Month abbreviation,Nov,نوفمبر,Nov
month_dec,Month abbreviation,Dec,ديسمبر,Déc
# ──────────────────────────────────────────────,,,,
# NOTIFICATIONS — Push,,,,
# ──────────────────────────────────────────────,,,,
notif_low_envelopes_title,Notification title,Low Envelopes,أظرف منخفضة,Enveloppes faibles
notif_single_overspent,Notification body,{name} is overspent. Consider adding funds.,{name} تجاوز حده. فكّر في إضافة أموال.,{name} est dépassé(e). Pensez à ajouter des fonds.
notif_multiple_overspent,Notification body,{count} envelopes are overspent: {names}{more}.,{count} أظرف تجاوزت حدها: {names}{more}.,{count} enveloppes sont dépassées : {names}{more}.
notif_and_more,Notification suffix,and {count} more,و{count} أخرى,et {count} de plus
notif_upcoming_bills_title,Notification title,Upcoming Bills,الفواتير القادمة,Factures à venir
notif_single_due,Notification body,{title} is due soon.,{title} مستحقة قريباً.,{title} est bientôt due.
notif_multiple_due,Notification body,{count} bills due: {names}{more}.,{count} فواتير مستحقة: {names}{more}.,{count} factures dues : {names}{more}.
notif_bills_and_more,Notification suffix,and more,والمزيد,et plus
# ──────────────────────────────────────────────,,,,
# NOTIFICATIONS — Daily reminder,,,,
# ──────────────────────────────────────────────,,,,
notif_reminder_title,Notification title,BudgetSeal,BudgetSeal,BudgetSeal
notif_reminder_1,Notification body,How did you spend today? Tap to record.,كيف أنفقت اليوم؟ اضغط للتسجيل.,Comment avez-vous dépensé aujourd'hui ? Appuyez pour enregistrer.
notif_reminder_2,Notification body,Don't forget to log today's transactions!,لا تنسَ تسجيل معاملات اليوم!,N'oubliez pas d'enregistrer les transactions du jour !
notif_reminder_3,Notification body,Stay on track — record today's spending.,ابقَ على المسار — سجّل إنفاق اليوم.,Restez sur la bonne voie — enregistrez vos dépenses du jour.
notif_reminder_4,Notification body,A minute now saves hours later. Log your day!,دقيقة الآن توفر ساعات لاحقاً. سجّل يومك!,Une minute maintenant économise des heures plus tard. Enregistrez votre journée !
notif_reminder_5,Notification body,Keep your budget honest — add today's transactions.,حافظ على صدق ميزانيتك — أضف معاملات اليوم.,Gardez votre budget honnête — ajoutez les transactions du jour.
notif_reminder_channel,Channel name,Daily Reminder,التذكير اليومي,Rappel quotidien
notif_reminder_channel_desc,Channel description,Daily reminder to log transactions,تذكير يومي لتسجيل المعاملات,Rappel quotidien pour enregistrer les transactions
# ──────────────────────────────────────────────,,,,
# ENGINE / LEDGER NOTES,,,,
# ──────────────────────────────────────────────,,,,
engine_auto_covered,Ledger note,Auto-covered from Unallocated,تم التغطية تلقائياً من غير الموزع,Couvert automatiquement depuis Non affecté
engine_direct_income,Ledger note,Direct from income,مباشرة من الدخل,Directement du revenu
engine_withdrawn,Ledger note,Withdrawn to Unallocated,تم السحب إلى غير الموزع,Retiré vers Non affecté
engine_period_returned,Ledger note,Period reset — returned to Unallocated,إعادة تعيين الفترة — أُرجع إلى غير الموزع,Réinitialisation de période — retourné au Non affecté
engine_period_out,Ledger note,Period reset — transferred out,إعادة تعيين الفترة — تم التحويل,Réinitialisation de période — transféré
engine_period_received,Ledger note,Received from period reset,مُستلم من إعادة تعيين الفترة,Reçu de la réinitialisation de période
engine_carry_forward,Ledger note,Period carry-forward,ترحيل الفترة,Report de période
engine_auto_reset,Ledger note,Period auto-reset,إعادة تعيين تلقائية للفترة,Réinitialisation automatique de période
# ──────────────────────────────────────────────,,,,
# NUMBER FORMAT,,,,
# ──────────────────────────────────────────────,,,,
nf_thousands_comma,Option,"Comma (1,000)","فاصلة (1,000)","Virgule (1,000)"
nf_thousands_period,Option,Period (1.000),نقطة (1.000),Point (1.000)
nf_thousands_space,Option,Space (1 000),مسافة (1 000),Espace (1 000)
nf_thousands_none,Option,None (1000),بدون (1000),Aucun (1000)
nf_decimal_period,Option,Period (0.50),نقطة (0.50),Point (0.50)
nf_decimal_comma,Option,"Comma (0,50)","فاصلة (0,50)","Virgule (0,50)"
nf_negative_minus,Option,Minus (-$100),سالب (-$100),Moins (-100 $)
# ──────────────────────────────────────────────,,,,
# DATE FORMAT,,,,
# ──────────────────────────────────────────────,,,,
# ──────────────────────────────────────────────,,,,
# TEXT SCALE,,,,
# ──────────────────────────────────────────────,,,,
text_scale_small,Option,Small,صغير,Petit
text_scale_default,Option,Default,افتراضي,Par défaut
text_scale_large,Option,Large,كبير,Grand
text_scale_extra_large,Option,Extra Large,كبير جداً,Très grand
# ──────────────────────────────────────────────,,,,
# DEFAULT CATEGORIES,,,,
# ──────────────────────────────────────────────,,,,
defcat_food_dining,Default category,Food & Dining,الطعام والمطاعم,Alimentation et restaurants
defcat_groceries,Default category,Groceries,بقالة,Courses
defcat_restaurants,Default category,Restaurants,مطاعم,Restaurants
defcat_coffee_snacks,Default category,Coffee & Snacks,قهوة ووجبات خفيفة,Café et snacks
defcat_transportation,Default category,Transportation,المواصلات,Transport
defcat_fuel,Default category,Fuel,وقود,Carburant
defcat_public_transit,Default category,Public Transit,مواصلات عامة,Transports en commun
defcat_parking_tolls,Default category,Parking & Tolls,مواقف ورسوم,Parking et péages
defcat_housing,Default category,Housing,السكن,Logement
defcat_rent_mortgage,Default category,Rent / Mortgage,إيجار / رهن عقاري,Loyer / Hypothèque
defcat_utilities,Default category,Utilities,خدمات,Services publics
defcat_maintenance,Default category,Maintenance,صيانة,Entretien
defcat_shopping,Default category,Shopping,تسوق,Shopping
defcat_clothing,Default category,Clothing,ملابس,Vêtements
defcat_electronics,Default category,Electronics,إلكترونيات,Électronique
defcat_household_items,Default category,Household Items,مستلزمات المنزل,Articles ménagers
defcat_entertainment,Default category,Entertainment,ترفيه,Divertissement
defcat_subscriptions,Default category,Subscriptions,الاشتراكات,Abonnements
defcat_movies_events,Default category,Movies & Events,أفلام وفعاليات,Cinéma et événements
defcat_hobbies,Default category,Hobbies,هوايات,Loisirs
defcat_health,Default category,Health,الصحة,Santé
defcat_medical,Default category,Medical,طبي,Médical
defcat_pharmacy,Default category,Pharmacy,صيدلية,Pharmacie
defcat_fitness,Default category,Fitness,لياقة بدنية,Fitness
defcat_personal,Default category,Personal,شخصي,Personnel
defcat_education,Default category,Education,تعليم,Éducation
defcat_gifts,Default category,Gifts,هدايا,Cadeaux
defcat_personal_care,Default category,Personal Care,عناية شخصية,Soins personnels
defcat_salary,Default category,Salary,راتب,Salaire
defcat_freelance,Default category,Freelance,عمل حر,Freelance
defcat_investments,Default category,Investments,استثمارات,Investissements
defcat_other_income,Default category,Other Income,دخل آخر,Autres revenus
defcat_food_drink,Default category preset group,Food & Drink,طعام وشراب,Alimentation
defcat_transport,Default category preset group,Transport,مواصلات,Transport
defcat_bills,Default category preset group,Bills,فواتير,Factures
defcat_home,Default category preset group,Home,المنزل,Maison
defcat_travel,Default category preset group,Travel,سفر,Voyage
defcat_dining_out,Default category preset,Dining Out,أكل في الخارج,Restaurant
defcat_coffee,Default category preset,Coffee,قهوة,Cafe
defcat_rent,Default category preset,Rent,إيجار,Loyer
defcat_furniture,Default category preset,Furniture,أثاث,Meubles
defcat_electricity,Default category preset,Electricity,كهرباء,Electricite
defcat_internet,Default category preset,Internet,إنترنت,Internet
defcat_phone,Default category preset,Phone,هاتف,Telephone
defcat_haircut,Default category preset,Haircut,حلاقة,Coiffure
defcat_skincare,Default category preset,Skincare,عناية بالبشرة,Soins de peau
defcat_gym,Default category preset,Gym,رياضة,Sport
defcat_movies,Default category preset,Movies,أفلام,Cinema
defcat_games,Default category preset,Games,ألعاب,Jeux
defcat_books,Default category preset,Books,كتب,Livres
defcat_hotels,Default category preset,Hotels,فنادق,Hôtels
defcat_flights,Default category preset,Flights,رحلات طيران,Vols
defcat_water,Default category preset,Water,مياه,Eau
defcat_insurance,Default category preset,Insurance,تأمين,Assurance
defcat_pets,Default category preset,Pets,حيوانات أليفة,Animaux
defcat_other,Default category preset,Other,أخرى,Autre
# ──────────────────────────────────────────────,,,,
# PLANNED PAYMENTS,,,,
# ──────────────────────────────────────────────,,,,
planned_title,Screen title,Planned Payments,المدفوعات المخططة,Paiements planifiés
planned_subtitle,Settings tile subtitle,Plan future one-time payments,خطط لمدفوعات مستقبلية لمرة واحدة,Planifiez des paiements ponctuels futurs
planned_add_tooltip,FAB tooltip,Add planned payment,إضافة دفعة مخططة,Ajouter un paiement planifié
planned_empty_title,Empty state title,No planned payments,لا توجد مدفوعات مخططة,Aucun paiement planifié
planned_empty_subtitle,Empty state subtitle,Plan future payments to track what you expect to spend before committing.,خطط لمدفوعات مستقبلية لتتبع ما تتوقع إنفاقه قبل الالتزام.,Planifiez des paiements futurs pour suivre ce que vous prévoyez de dépenser avant de vous engager.
planned_posted,Snackbar success,Payment posted successfully,تم ترحيل الدفعة بنجاح,Paiement enregistré avec succès
planned_post_failed,Snackbar error,Failed to post payment,فشل ترحيل الدفعة,Échec de l'enregistrement du paiement
planned_post_all_title,Dialog title,Post All Payments,ترحيل جميع المدفوعات,Enregistrer tous les paiements
planned_post_all,Button,Post All,ترحيل الكل,Tout enregistrer
planned_delete_title,Dialog title,Delete Planned Payment,حذف الدفعة المخططة,Supprimer le paiement planifié
planned_deleted,Snackbar success,Planned payment deleted,تم حذف الدفعة المخططة,Paiement planifié supprimé
planned_delete_failed,Snackbar error,Failed to delete payment,فشل حذف الدفعة,Échec de la suppression du paiement
planned_save_failed,Snackbar error,Could not save planned payment,تعذّر حفظ الدفعة المخططة,Impossible d'enregistrer le paiement planifié
planned_plan_button,Save button,Plan Payment,تخطيط الدفعة,Planifier le paiement
planned_edit_title,AppBar title,Edit Planned Payment,تعديل الدفعة المخططة,Modifier le paiement planifié
planned_target_month,Section label,Target Month,الشهر المستهدف,Mois cible
planned_exact_date,Field label,Pick exact date (optional),اختر تاريخاً محدداً (اختياري),Choisir une date précise (optionnel)
planned_badge,Badge label,Planned,مخططة,Planifié
planned_n_planned,Envelope card label,{amount} planned,{amount} مخططة,{amount} planifiés
planned_post,Action button,Post,ترحيل,Enregistrer
# ──────────────────────────────────────────────,,,,
# SYNC ERRORS,,,,
# ──────────────────────────────────────────────,,,,
sync_err_encrypted_no_pw,Error,Sync file is encrypted but no password is set. Enter your sync password to decrypt.,ملف المزامنة مشفر ولكن لم يتم تعيين كلمة مرور. أدخل كلمة مرور المزامنة لفك التشفير.,Le fichier de synchronisation est chiffré mais aucun mot de passe n'est défini. Entrez votre mot de passe pour déchiffrer.
sync_err_wrong_pw,Error,Wrong sync password. Could not decrypt the sync file.,كلمة مرور المزامنة خاطئة. تعذّر فك تشفير الملف.,Mot de passe de synchronisation incorrect. Impossible de déchiffrer le fichier.
sync_err_invalid_format,Error,Invalid encrypted sync file format,تنسيق ملف مزامنة مشفر غير صالح,Format de fichier de synchronisation chiffré invalide
google_not_configured,Error,Google Sign-In is not configured for this app. A Google Cloud project with OAuth credentials is required.,لم يتم إعداد تسجيل الدخول بـ Google لهذا التطبيق. يلزم مشروع Google Cloud مع بيانات OAuth.,La connexion Google n'est pas configurée pour cette application. Un projet Google Cloud avec des identifiants OAuth est requis.
google_network_error,Error,Network error. Check your internet connection.,خطأ في الشبكة. تحقق من اتصالك بالإنترنت.,Erreur réseau. Vérifiez votre connexion internet.
google_connection_failed,Error,Connection failed: {error},فشل الاتصال: {error},Échec de la connexion : {error}
google_not_connected,Error,Not connected to Google Drive,غير متصل بـ Google Drive,Non connecté à Google Drive
file_picker_title,Dialog title,Select BudgetSeal Sync File,اختر ملف مزامنة BudgetSeal,Sélectionnez le fichier de synchronisation BudgetSeal
file_picker_no_path,Error,No sync file path set,لم يتم تعيين مسار ملف المزامنة,Aucun chemin de fichier de synchronisation défini
# ──────────────────────────────────────────────,,,,
# SHARED WIDGETS,,,,
# ──────────────────────────────────────────────,,,,
heatmap_no_data,Empty state,No data yet,لا بيانات بعد,Pas encore de données
heatmap_no_activity,Tooltip,No activity,لا نشاط,Aucune activité
# ──────────────────────────────────────────────,,,,
# BACKUP SIZE (templates),,,,
# ──────────────────────────────────────────────,,,,
backup_size_bytes,Size format,{size} B,{size} ب,{size} o
backup_size_kb,Size format,{size} KB,{size} ك.ب,{size} Ko
backup_size_mb,Size format,{size} MB,{size} م.ب,{size} Mo
# ──────────────────────────────────────────────,,,,
# MISSED I18N STRINGS,,,,
# ──────────────────────────────────────────────,,,,
reports_age_days,Age of money display,"{age, plural, =1{1 day} other{{age} days}}","{age, plural, =0{0 يوم} =1{يوم واحد} =2{يومان} few{{age} أيام} many{{age} يومًا} other{{age} يوم}}","{age, plural, =0{0 jour} =1{1 jour} other{{age} jours}}"
settings_version_n,About tile subtitle,Version {version},الإصدار {version},Version {version}
settings_preview,Number format preview,Preview: {preview},معاينة: {preview},Aperçu : {preview}
sub_could_not_update,Snackbar error,Could not update subscription,تعذّر تحديث الاشتراك,Impossible de mettre à jour l'abonnement
help_guide_title,Help screen title,Help Guide,دليل المساعدة,Guide d'aide
receipt_take_photo,Receipt picker option,Take Photo,التقاط صورة,Prendre une photo
receipt_choose_gallery,Receipt picker option,Choose from Gallery,اختيار من المعرض,Choisir dans la galerie
receipt_select_multiple,Receipt picker subtitle,Select multiple photos,اختيار صور متعددة,Sélectionner plusieurs photos

# ──────────────────────────────────────────────,,,,
# ADDED FROM ARB (Oct 2026 audit sync),,,,
alloc_revaluation_note,,Revaluation: {amount} at {rate} (was {oldRate}),إعادة تقييم: {amount} بسعر {rate} (كان {oldRate}),Réévaluation : {amount} à {rate} (avant {oldRate})
notif_every_day_at,,Every day at {time},كل يوم الساعة {time},Tous les jours à {time}
period_starts_each_month,,{date} · starts on day {day} each month,{date} · تبدأ في اليوم {day} من كل شهر,{date} · commence le {day} de chaque mois
fund_more_than_available,,{amount} more than available in {currency},{amount} أكثر من المتاح بعملة {currency},{amount} de plus que le disponible en {currency}
share_household_failed,,Couldn't create the invite. Check your connection and try again.,تعذّر إنشاء الدعوة. تحقق من اتصالك وحاول مرة أخرى.,Impossible de créer l'invitation. Vérifiez votre connexion et réessayez.
a11y_pct_of_target,,{pct}% of {amount},{pct}٪ من {amount},{pct} % de {amount}
a11y_flexible_envelope,,flexible envelope,مغلف مرن,enveloppe flexible
a11y_needs_review,,needs review,بحاجة إلى مراجعة,à vérifier
sync_local_file,,Local file,ملف محلي,Fichier local
sync_google_sub,,Sign in with your Google account,سجّل الدخول بحساب Google,Connectez-vous avec votre compte Google
sync_one_drive_sub,,Requires the OneDrive app installed,يتطلب تثبيت تطبيق OneDrive,Nécessite l'application OneDrive
sync_dropbox_sub,,Requires the Dropbox app installed,يتطلب تثبيت تطبيق Dropbox,Nécessite l'application Dropbox
sync_local_file_sub,,Pick any file on your device,اختر أي ملف على جهازك,Choisissez n'importe quel fichier sur l'appareil
sync_err_google_not_configured,,Google Sign-In is not set up for this build of the app. Use another sync option.,تسجيل الدخول عبر Google غير مُعد في هذا الإصدار من التطبيق. استخدم خيار مزامنة آخر.,La connexion Google n'est pas configurée pour cette version de l'application. Utilisez une autre option de synchronisation.
sync_err_network,,Network error. Check your internet connection.,خطأ في الشبكة. تحقق من اتصالك بالإنترنت.,Erreur réseau. Vérifiez votre connexion Internet.
sync_err_connect_failed,,Couldn't connect. Please try again.,تعذّر الاتصال. حاول مرة أخرى.,Connexion impossible. Veuillez réessayer.
onboard_connect_failed,,Couldn't connect to {provider},تعذّر الاتصال بـ {provider},Impossible de se connecter à {provider}
onboard_no_sync_file,,No sync file found,لم يُعثر على ملف مزامنة,Aucun fichier de synchronisation trouvé
onboard_drive_join_failed,,Couldn't connect to Google Drive. Make sure you're signed in and have access to the shared folder.,تعذّر الاتصال بـ Google Drive. تأكد من تسجيل الدخول ومن إمكانية الوصول إلى المجلد المشترك.,Impossible de se connecter à Google Drive. Vérifiez que vous êtes connecté et que vous avez accès au dossier partagé.
onboard_no_sync_file_shared,,No sync file found in the shared folder,لم يُعثر على ملف مزامنة في المجلد المشترك,Aucun fichier de synchronisation dans le dossier partagé
bill_note_title,,Bill split,تقسيم الفاتورة,Partage de facture
bill_note_total,,Bill: {total},الفاتورة: {total},Facture : {total}
bill_note_split_with,,Split with {people} · Total: {total},مقسّمة مع {people} · الإجمالي: {total},Partagé avec {people} · Total : {total}
reports_day_n,,Day {n},اليوم {n},Jour {n}
reports_tip_over_pace,,"At your current pace, you'll exceed your budget by {amount}. Try to slow down.",بهذا المعدل ستتجاوز ميزانيتك بمقدار {amount}. حاول أن تُبطئ.,"À ce rythme, vous dépasserez votre budget de {amount}. Essayez de ralentir."
reports_tip_under_pace,,Great pace! You're on track to stay {amount} under budget.,وتيرة رائعة! أنت في طريقك للبقاء أقل من ميزانيتك بمقدار {amount}.,Excellent rythme ! Vous êtes en voie de rester {amount} sous votre budget.
reports_tip_saving_high,,You're saving {percent}% of your income this month. Keep it up!,أنت تدّخر {percent}٪ من دخلك هذا الشهر. واصل!,Vous épargnez {percent} % de vos revenus ce mois-ci. Continuez !
reports_tip_saving_low,,Your savings rate is low ({percent}%). Try to set aside at least 10–20%.,معدل ادخارك منخفض ({percent}٪). حاول أن تدّخر 10–20٪ على الأقل.,Votre taux d'épargne est faible ({percent} %). Essayez de mettre de côté au moins 10 à 20 %.
reports_tip_age_low,,"{days, plural, =1{Your money sits only 1 day before being spent. A buffer of 30+ days is healthier.} other{Your money sits only {days} days before being spent. A buffer of 30+ days is healthier.}}","{days, plural, =0{تُنفق أموالك في اليوم نفسه. الاحتفاظ بمخزون لـ 30 يومًا أو أكثر أفضل.} =1{تبقى أموالك يومًا واحدًا فقط قبل إنفاقها. الاحتفاظ بمخزون لـ 30 يومًا أو أكثر أفضل.} =2{تبقى أموالك يومين فقط قبل إنفاقها. الاحتفاظ بمخزون لـ 30 يومًا أو أكثر أفضل.} few{تبقى أموالك {days} أيام فقط قبل إنفاقها. الاحتفاظ بمخزون لـ 30 يومًا أو أكثر أفضل.} other{تبقى أموالك {days} يومًا فقط قبل إنفاقها. الاحتفاظ بمخزون لـ 30 يومًا أو أكثر أفضل.}}","{days, plural, =0{Votre argent ne reste même pas un jour avant d'être dépensé. Une réserve de 30 jours ou plus est plus saine.} =1{Votre argent ne reste qu'un jour avant d'être dépensé. Une réserve de 30 jours ou plus est plus saine.} other{Votre argent ne reste que {days} jours avant d'être dépensé. Une réserve de 30 jours ou plus est plus saine.}}"
tx_no_rate_between,,"No exchange rate from {from} to {to}. Enter a rate for this amount, or refresh rates in Settings › Exchange rates.",لا يوجد سعر صرف من {from} إلى {to}. أدخل سعرًا لهذا المبلغ، أو حدّث الأسعار من الإعدادات › أسعار الصرف.,"Aucun taux de change de {from} vers {to}. Saisissez un taux pour ce montant, ou actualisez les taux dans Paramètres › Taux de change."
acct_archive_non_zero,,"This account still holds {amount}. Transfer it to another account or adjust the balance to zero, then archive it — archived accounts no longer count toward your money.",لا يزال هذا الحساب يحتوي على {amount}. حوّله إلى حساب آخر أو اضبط الرصيد على صفر، ثم أرشفه — الحسابات المؤرشفة لا تُحتسب ضمن أموالك.,"Ce compte contient encore {amount}. Transférez-le vers un autre compte ou ajustez le solde à zéro, puis archivez-le : les comptes archivés ne comptent plus dans votre argent."
receipt_pick_failed,,Couldn't add the photo. Check camera and photo permissions.,تعذّرت إضافة الصورة. تحقق من أذونات الكاميرا والصور.,Impossible d'ajouter la photo. Vérifiez les autorisations de l'appareil photo et des photos.
backup_close_app,,Close app,إغلاق التطبيق,Fermer l'application
import_skipped_rows,,{count} rows skipped (unreadable date or amount),تم تخطي {count} صفوف (تاريخ أو مبلغ غير مقروء),{count} lignes ignorées (date ou montant illisible)
more_money_section,,Money,المال,Argent
more_app_section,,App,التطبيق,Application
tx_form_new_expense,,New expense,مصروف جديد,Nouvelle dépense
tx_form_new_income,,New income,دخل جديد,Nouveau revenu
tx_form_new_transfer,,New transfer,تحويل جديد,Nouveau virement
tx_form_edit_expense,,Edit expense,تعديل المصروف,Modifier la dépense
tx_form_edit_income,,Edit income,تعديل الدخل,Modifier le revenu
tx_form_edit_transfer,,Edit transfer,تعديل التحويل,Modifier le virement
reports_tx_count,,"{count, plural, =1{1 transaction} other{{count} transactions}}","{count, plural, =1{معاملة واحدة} =2{معاملتان} few{{count} معاملات} other{{count} معاملة}}","{count, plural, =1{1 transaction} other{{count} transactions}}"
dash_upcoming,,Upcoming,قادمة,À venir
dash_overdue,,Overdue,متأخرة,En retard
dash_bills_count,,"{count, plural, =0{No bills} =1{1 bill} other{{count} bills}}","{count, plural, =0{لا فواتير} =1{فاتورة واحدة} =2{فاتورتان} few{{count} فواتير} other{{count} فاتورة}}","{count, plural, =0{Aucune facture} =1{1 facture} other{{count} factures}}"
common_couldnt_load_data,,Couldn't load your data,تعذر تحميل بياناتك,Impossible de charger vos données
common_couldnt_load_accounts,,Couldn't load accounts,تعذر تحميل الحسابات,Impossible de charger les comptes
common_account,,Account,حساب,Compte
common_amount,,Amount,المبلغ,Montant
common_category,,Category,فئة,Catégorie
common_currency,,Currency,العملة,Devise
common_title,,Title,العنوان,Titre
dashboard_net_worth,,Net Worth,صافي الثروة,Patrimoine net
dashboard_unallocated,,Unallocated,غير مخصص,Non alloué
dashboard_other_count,,+ {count} other,+ {count} أخرى,+ {count} autre(s)
dashboard_add_first_expense,,Add your first expense,أضف أول مصروف,Ajoutez votre première dépense
dashboard_fund_envelopes_tooltip,,Fund envelopes,تمويل الأظرف,Alimenter les enveloppes
dashboard_split_bill_tooltip,,Split a bill,تقسيم فاتورة,Partager une note
dashboard_cat_spending_higher,,{category} spending is {percent}% higher than last month,إنفاق {category} أعلى بنسبة {percent}% من الشهر الماضي,Les dépenses en {category} sont {percent}% plus élevées que le mois dernier
dashboard_spending_lower_nice,,Spending is {percent}% lower than last month — nice!,الإنفاق أقل بنسبة {percent}% من الشهر الماضي — أحسنت!,Les dépenses sont {percent}% inférieures au mois dernier — bravo !
dashboard_spending_higher,,Spending is {percent}% higher than last month,الإنفاق أعلى بنسبة {percent}% من الشهر الماضي,Les dépenses sont {percent}% supérieures au mois dernier
dashboard_spending_on_track,,Spending is on track this month,الإنفاق على المسار الصحيح هذا الشهر,Les dépenses sont en bonne voie ce mois-ci
dashboard_add_label,,Add {label},إضافة {label},Ajouter {label}
dashboard_chart_semantic,,"Spending chart, total {amount}, {count} categories",مخطط الإنفاق، المجموع {amount}، {count} فئات,"Graphique des dépenses, total {amount}, {count} catégories"
dashboard_no_spending_semantic,,No spending this period,لا إنفاق في هذه الفترة,Aucune dépense cette période
tx_long_press_hint,,Long press to select,اضغط مطوّلاً للتحديد,Appui long pour sélectionner
tx_list_none,,None,لا شيء,Aucun
bill_step1_desc,,Step 1: Add items from your receipt — scan or enter manually.,الخطوة 1: أضف العناصر من إيصالك — امسح ضوئياً أو أدخلها يدوياً.,Étape 1 : Ajoutez les articles de votre reçu — scannez ou entrez manuellement.
bill_step2_desc,,"Step 2: Add people and assign items. Toggle ""Split evenly"" to divide the total equally.","الخطوة 2: أضف الأشخاص وعيّن العناصر. فعّل ""تقسيم بالتساوي"" لتقسيم المبلغ بالتساوي.",Étape 2 : Ajoutez des personnes et assignez les articles. Activez « Diviser également » pour répartir le total équitablement.
bill_step3_desc,,"Step 3: Review the split, add tip, and confirm.",الخطوة 3: راجع التقسيم، أضف البقشيش، وأكّد.,"Étape 3 : Vérifiez la répartition, ajoutez le pourboire et confirmez."
bill_bill_in,,Bill in {currency},الفاتورة بعملة {currency},Addition en {currency}
bill_exchange_rate_title,,Exchange Rate,سعر الصرف,Taux de change
bill_remove_person_title,,Remove person,إزالة الشخص,Supprimer la personne
bill_remove_person_content,,"{name} has {count} item(s) assigned only to them. Reassign to someone else, or delete those items?",{name} لديه {count} عنصر(ات) مخصصة له فقط. أعد تعيينها لشخص آخر، أو احذفها؟,{name} a {count} article(s) assigné(s) uniquement à lui/elle. Réassigner à quelqu'un d'autre ou supprimer ces articles ?
bill_reassign_to,,Reassign to:,إعادة تعيين إلى:,Réassigner à :
bill_delete_items,,Delete items,حذف العناصر,Supprimer les articles
bill_each_pays,,Each person pays {amount},كل شخص يدفع {amount},Chaque personne paie {amount}
bill_split_qty_title,,{qty} × {name},{qty} × {name},{qty} × {name}
bill_split_qty_content,,Split into {qty} items ({amount} each)?,تقسيم إلى {qty} عناصر ({amount} لكل عنصر)؟,Diviser en {qty} articles ({amount} chacun) ?
bill_rate_not_set_title,,Exchange rate not set,لم يتم تعيين سعر الصرف,Taux de change non défini
bill_rate_not_set_content,,Bill is in {currency} but no rate was entered.\nThe transaction will be saved without conversion.,الفاتورة بعملة {currency} ولكن لم يتم إدخال سعر.\nسيتم حفظ المعاملة بدون تحويل.,L'addition est en {currency} mais aucun taux n'a été saisi.\nLa transaction sera enregistrée sans conversion.
bill_go_back_btn,,Go back,الرجوع,Retour
bill_continue_anyway,,Continue anyway,المتابعة على أي حال,Continuer quand même
tx_form_could_not_save,,Could not save transaction. Please try again.,تعذّر حفظ المعاملة. حاول مجدداً.,Impossible d'enregistrer la transaction. Veuillez réessayer.
tx_transaction_deleted,,Transaction deleted,تم حذف المعاملة,Transaction supprimée
tx_undo_action,,Undo,تراجع,Annuler
tx_new_transaction_sheet,,New Transaction,معاملة جديدة,Nouvelle transaction
tx_could_not_load,,Could not load transaction,تعذّر تحميل المعاملة,Impossible de charger la transaction
tx_af_mixed_content,,This will create {count} linked transactions:\n\n{summary}\n\nThey will appear as separate transactions but linked together.,سيتم إنشاء {count} معاملات مترابطة:\n\n{summary}\n\nستظهر كمعاملات منفصلة ولكن مرتبطة ببعضها.,Cela créera {count} transactions liées :\n\n{summary}\n\nElles apparaîtront comme des transactions séparées mais liées entre elles.
tx_af_another_with_count,,Add another item ({count} items · {total}),إضافة عنصر آخر ({count} عناصر · {total}),Ajouter un autre article ({count} articles · {total})
tx_form_rate_not_set_body,,"{items} has no exchange rate to {baseCurrency}. The amount won't be included in your base currency totals.\n\nSave anyway, or go back to set the rate?",{items} ليس له سعر صرف إلى {baseCurrency}. لن يُدرج المبلغ في إجماليات عملتك الأساسية.\n\nالحفظ على أي حال، أو الرجوع لتعيين السعر؟,{items} n'a pas de taux de change vers {baseCurrency}. Le montant ne sera pas inclus dans vos totaux en devise de base.\n\nEnregistrer quand même ou revenir pour définir le taux ?
tx_form_duplicate_similar_exists,,A similar transaction already exists:,معاملة مشابهة موجودة بالفعل:,Une transaction similaire existe déjà :
tx_form_duplicate_save_anyway,,Save anyway?,حفظ على أي حال؟,Enregistrer quand même ?
tx_form_no_title,,No title,بدون عنوان,Sans titre
alloc_flexible_title,,Rollover,مُرحَّل,Cumulatif
alloc_flexible_desc,,"Unspent money rolls over to the next period. Set an optional target, or leave it open.",تُرحَّل الأموال غير المنفقة إلى الفترة التالية. حدّد هدفاً اختيارياً أو اتركه مفتوحاً.,Le montant non dépensé est reporté à la période suivante. Définissez une cible facultative ou laissez-le ouvert.
alloc_cycle_help,,• Periodic: resets each month (e.g. groceries budget)\n• Permanent: accumulates over time (e.g. emergency fund),• دوري: يُعاد تعيينه كل شهر (مثل: ميزانية البقالة)\n• دائم: يتراكم مع الوقت (مثل: صندوق الطوارئ),• Périodique : se réinitialise chaque mois (ex. budget courses)\n• Permanent : s'accumule au fil du temps (ex. fonds d'urgence)
alloc_rollover_balance,,Rollover balance,ترحيل الرصيد,Report du solde
alloc_rollover_desc,,Carry remaining funds to the next period,ترحيل الأموال المتبقية للفترة التالية,Reporter les fonds restants à la prochaine période
alloc_auto_reset,,Auto-reset,إعادة تعيين تلقائية,Réinitialisation automatique
alloc_auto_reset_desc,,Reset automatically at period start,إعادة التعيين تلقائياً عند بداية الفترة,Réinitialiser automatiquement en début de période
alloc_monthly_budget,,Monthly budget,الميزانية الشهرية,Budget mensuel
alloc_target_optional,,Target (optional),الهدف (اختياري),Objectif (optionnel)
alloc_monthly_budget_desc,,How much do you want to spend in this envelope each month?,كم تريد أن تنفق من هذا الظرف كل شهر؟,Combien voulez-vous dépenser dans cette enveloppe chaque mois ?
alloc_target_desc,,"Set a target amount, or leave at zero for open-ended.",حدد مبلغاً مستهدفاً، أو اتركه صفراً للادخار المفتوح.,"Définissez un montant cible, ou laissez à zéro pour un objectif ouvert."
alloc_linked_categories_section,,Linked categories,الفئات المرتبطة,Catégories liées
alloc_linked_categories_desc,,Expenses with these categories will debit this envelope.,المصاريف بهذه الفئات ستُخصم من هذا الظرف.,Les dépenses de ces catégories seront débitées de cette enveloppe.
alloc_no_categories_linked,,No categories linked. Tap + to link categories so expenses debit this envelope.,لا فئات مرتبطة. اضغط + لربط الفئات حتى تُخصم المصاريف من هذا الظرف.,Aucune catégorie liée. Appuyez sur + pour lier des catégories afin que les dépenses soient débitées de cette enveloppe.
alloc_available,,Available,متاح,Disponible
alloc_percent_of_target,,{percent}% of {target},{percent}% من {target},{percent}% de {target}
alloc_amount_left,,{amount} left,{amount} متبقٍّ,{amount} restant
alloc_amount_spent,,{amount} spent,تم إنفاق {amount},{amount} dépensés
alloc_amount_to_go,,{amount} to go,{amount} للوصول إلى الهدف,encore {amount}
alloc_fund,,Fund,تمويل,Financer
alloc_fund_envelope,,Fund {name},تمويل {name},Financer {name}
alloc_over_funding_title,,Over-funding,تمويل زائد,Sur-financement
alloc_over_funding_msg,,You're assigning {deficit} more than your available {available} unallocated balance.\n\nYour unallocated balance will go negative. Continue anyway?,أنت توزع {deficit} أكثر من رصيدك غير الموزع المتاح ({available}).\n\nسيصبح رصيدك غير الموزع سالباً. المتابعة؟,Vous affectez {deficit} de plus que votre solde non alloué disponible ({available}).\n\nVotre solde non alloué deviendra négatif. Continuer ?
alloc_funded_note,,Funded from Unallocated,موّل من غير الموزع,Financé depuis le non alloué
alloc_funded_success,,Funded {amount} to {name},تم تمويل {amount} إلى {name},Financé {amount} vers {name}
alloc_fund_error,,Could not fund envelope. Please try again.,تعذّر تمويل الظرف. حاول مجدداً.,Impossible de financer l'enveloppe. Veuillez réessayer.
alloc_entry_funded,,Funded,موّل,Financé
alloc_entry_spent,,Spent,مُنفَق,Dépensé
alloc_entry_adjustment,,Adjustment,تعديل,Ajustement
alloc_entry_period_reset,,Period Reset,إعادة تعيين الفترة,Réinitialisation de période
alloc_entry_carry_forward,,Carried Forward,مُرحَّل,Reporté
alloc_withdraw_desc,,Move money from this envelope back to Unallocated.,نقل المال من هذا الظرف إلى غير الموزع.,Transférer l'argent de cette enveloppe vers le non alloué.
alloc_withdraw_amount_label,,Amount to withdraw,المبلغ المراد سحبه,Montant à retirer
alloc_withdraw_success,,Withdrew {amount} to Unallocated,تم سحب {amount} إلى غير الموزع,Retiré {amount} vers le non alloué
alloc_link_category_title,,Link a Category,ربط فئة,Lier une catégorie
alloc_search_categories,,Search categories...,البحث في الفئات...,Rechercher des catégories...
alloc_no_matching_categories,,No matching categories,لا فئات مطابقة,Aucune catégorie correspondante
alloc_all_categories_linked,,All categories are already linked to envelopes,جميع الفئات مرتبطة بأظرف بالفعل,Toutes les catégories sont déjà liées à des enveloppes
alloc_revalue_foreign_title,,Revalue Foreign Balances,إعادة تقييم الأرصدة الأجنبية,Réévaluer les soldes en devises
alloc_fetch,,Fetch,جلب,Récupérer
alloc_reval_applied,,Revaluation applied,تم تطبيق إعادة التقييم,Réévaluation appliquée
alloc_reval_error,,Could not apply revaluation. Please try again.,تعذّر تطبيق إعادة التقييم. حاول مجدداً.,Impossible d'appliquer la réévaluation. Veuillez réessayer.
alloc_fetch_rate_error,,Could not fetch rate for {currency},تعذّر جلب السعر لـ {currency},Impossible de récupérer le taux pour {currency}
alloc_delete_linked_warning,,"{count,plural, =1{1 category is} other{{count} categories are}} linked to this envelope ({names})","{count,plural, =1{فئة واحدة مرتبطة} other{{count} فئات مرتبطة}} بهذا الظرف ({names})","{count,plural, =1{1 catégorie est liée} other{{count} catégories sont liées}} à cette enveloppe ({names})"
alloc_delete_and_more,,and {count} more,و{count} أخرى,et {count} autre(s)
alloc_delete_consequences,,Deleting will:\n  • Unlink all categories from this envelope\n  • Remove all ledger history for this envelope\n\nConsider archiving instead to preserve history.,سيؤدي الحذف إلى:\n  • إلغاء ربط جميع الفئات من هذا الظرف\n  • حذف كل سجل الدفتر لهذا الظرف\n\nفكر في الأرشفة بدلاً من ذلك للحفاظ على السجل.,La suppression va :\n  • Délier toutes les catégories de cette enveloppe\n  • Supprimer tout l'historique du grand livre\n\nEnvisagez l'archivage pour préserver l'historique.
alloc_delete_no_links_title,,Delete Envelope Permanently,حذف الظرف نهائياً,Supprimer l'enveloppe définitivement
alloc_delete_no_links_msg,,This envelope has no linked categories. All ledger history will be removed.\n\nAre you sure? This cannot be undone.,هذا الظرف ليس له فئات مرتبطة. سيتم حذف كل سجل الدفتر.\n\nهل أنت متأكد؟ لا يمكن التراجع.,Cette enveloppe n'a pas de catégories liées. Tout l'historique du grand livre sera supprimé.\n\nÊtes-vous sûr ? Cette action est irréversible.
alloc_delete_error,,Could not delete. Please try again.,تعذّر الحذف. حاول مجدداً.,Impossible de supprimer. Veuillez réessayer.
alloc_envelope_created,,Envelope created,تم إنشاء الظرف,Enveloppe créée
alloc_envelope_updated,,Envelope updated,تم تحديث الظرف,Enveloppe mise à jour
alloc_got_it,,Got it,فهمت,Compris
alloc_base_currency_only,,{currency} envelopes only · {count} in other currencies,أظرف {currency} فقط · {count} بعملات أخرى,Enveloppes en {currency} uniquement · {count} dans d'autres devises
alloc_hide_other_currencies,,Hide other currencies,إخفاء العملات الأخرى,Masquer les autres devises
alloc_daily_budget,,{amount}/day for {days} days,{amount}/يوم لمدة {days} أيام,{amount}/jour pendant {days} jours
alloc_other_currencies,,"{count,plural, =1{+ 1 other currency} other{+ {count} other currencies}}","{count,plural, =1{+ عملة أخرى واحدة} other{+ {count} عملات أخرى}}","{count,plural, =1{+ 1 autre devise} other{+ {count} autres devises}}"
alloc_goals_loans,,Goals & Loans,أهداف وقروض,Objectifs et prêts
alloc_goals_count,,"{count,plural, =1{1 goal} other{{count} goals}}","{count,plural, =1{هدف واحد} other{{count} أهداف}}","{count,plural, =1{1 objectif} other{{count} objectifs}}"
alloc_loans_count,,"{count,plural, =1{1 loan} other{{count} loans}}","{count,plural, =1{قرض واحد} other{{count} قروض}}","{count,plural, =1{1 prêt} other{{count} prêts}}"
allocNEnvelopesNeedReset,,"{count,plural, =1{1 envelope needs reset} other{{count} envelopes need reset}}","{count,plural, =1{ظرف واحد يحتاج إعادة تعيين} other{{count} أظرف تحتاج إعادة تعيين}}","{count,plural, =1{1 enveloppe nécessite une réinitialisation} other{{count} enveloppes nécessitent une réinitialisation}}"
fund_couldnt_load,,Couldn't load envelopes,تعذّر تحميل الأظرف,Impossible de charger les enveloppes
fund_no_allocations,,No allocations to fund.\nCreate allocations first.,لا أظرف لتمويلها.\nأنشئ أظرفاً أولاً.,Aucune enveloppe à financer.\nCréez d'abord des enveloppes.
fund_how_title,,How does funding work?,كيف يعمل التمويل؟,Comment fonctionne le financement ?
fund_step1,,Check your unallocated balance — this is money you haven't assigned to any envelope yet.,تحقق من رصيدك غير الموزع — هذا المال الذي لم تخصصه لأي ظرف بعد.,Vérifiez votre solde non alloué — c'est l'argent que vous n'avez pas encore affecté à une enveloppe.
fund_step2,,"Enter how much to put in each envelope, or use ""Quick Fill"" to auto-fill periodic envelopes up to their target.","أدخل المبلغ لكل ظرف، أو استخدم ""ملء سريع"" لملء الأظرف الدورية تلقائياً حتى هدفها.","Entrez le montant pour chaque enveloppe, ou utilisez « Remplissage rapide » pour remplir automatiquement les enveloppes périodiques jusqu'à leur objectif."
fund_step3,,"Tap ""Fund All"" to move the money into your envelopes.","اضغط ""تمويل الكل"" لتوزيع المال على أظرفك.",Appuyez sur « Financer tout » pour distribuer l'argent dans vos enveloppes.
fund_available_to_distribute,,Available to distribute,متاح للتوزيع,Disponible à distribuer
fund_exceeds_warning,,Total exceeds available unallocated funds,المجموع يتجاوز الأموال غير الموزعة المتاحة,Le total dépasse les fonds non alloués disponibles
fund_quick_fill,,Quick Fill,ملء سريع,Remplissage rapide
fund_quick_fill_desc,,"{count,plural, =1{Auto-fill 1 periodic envelope up to its target} other{Auto-fill {count} periodic envelopes up to their target}}","{count,plural, =1{ملء ظرف دوري واحد تلقائياً حتى هدفه} other{ملء {count} أظرف دورية تلقائياً حتى أهدافها}}","{count,plural, =1{Remplir automatiquement 1 enveloppe périodique jusqu'à son objectif} other{Remplir automatiquement {count} enveloppes périodiques jusqu'à leur objectif}}"
fund_all_at_target,,All periodic envelopes are at their target,جميع الأظرف الدورية عند أهدافها,Toutes les enveloppes périodiques sont à leur objectif
fund_funded,,Funded,موّل,Financé
fund_balance,,Balance: {amount},الرصيد: {amount},Solde : {amount}
fund_fill,,Fill {amount},ملء {amount},Remplir {amount}
fund_enter_amounts,,Enter amounts to fund,أدخل مبالغ للتمويل,Entrez des montants à financer
fund_all_with_total,,Fund All  ({total}),تمويل الكل  ({total}),Financer tout  ({total})
acct_hide_archived,,Hide Archived,إخفاء المؤرشفة,Masquer les archivés
acct_show_archived,,Show Archived,إظهار المؤرشفة,Afficher les archivés
acct_sort_by_name,,Sort by name,ترتيب حسب الاسم,Trier par nom
acct_sort_by_balance,,Sort by balance,ترتيب حسب الرصيد,Trier par solde
acct_sort_by_type,,Sort by type,ترتيب حسب النوع,Trier par type
acct_travel_wallet,,Travel wallet · {currency},محفظة سفر · {currency},Portefeuille de voyage · {currency}
acct_archived,,Archived,المؤرشفة,Archivés
acct_no_archived,,No archived accounts,لا حسابات مؤرشفة,Aucun compte archivé
acct_unarchive_title,,Unarchive Account,إلغاء أرشفة الحساب,Désarchiver le compte
acct_unarchive_msg,,"Restore ""{name}"" to your active accounts?","استعادة ""{name}"" إلى حساباتك النشطة؟",Restaurer « {name} » dans vos comptes actifs ?
acct_unarchive,,Unarchive,إلغاء الأرشفة,Désarchiver
acct_unarchived,,{name} unarchived,تم إلغاء أرشفة {name},{name} désarchivé
acct_current_balance,,Current Balance,الرصيد الحالي,Solde actuel
acct_back_from_trip,,Back from your trip?,عدت من رحلتك؟,De retour de voyage ?
acct_convert_back_desc,,Convert your remaining {currency} balance back and close this travel wallet.,تحويل رصيد {currency} المتبقي وإغلاق محفظة السفر هذه.,Convertir votre solde restant en {currency} et fermer ce portefeuille de voyage.
acct_convert_back_close,,Convert Back & Close,تحويل وإغلاق,Convertir et fermer
acct_settings,,Account Settings,إعدادات الحساب,Paramètres du compte
acct_name_section,,Name,الاسم,Nom
acct_account_name,,Account name,اسم الحساب,Nom du compte
acct_type_section,,Type,النوع,Type
acct_currency_section,,Currency,العملة,Devise
acct_select_currency,,Select currency,اختر العملة,Sélectionner la devise
acct_decimal_section,,Decimal places,المنازل العشرية,Décimales
acct_decimal_auto,,Auto ({count}),تلقائي ({count}),Auto ({count})
acct_opening_balance,,Opening balance,الرصيد الافتتاحي,Solde d'ouverture
acct_create_account,,Create account,إنشاء حساب,Créer un compte
acct_recent_transactions,,Recent transactions,المعاملات الأخيرة,Transactions récentes
acct_no_transactions,,No transactions yet,لا معاملات بعد,Aucune transaction pour le moment
acct_adjust_desc,,Enter the actual balance of this account. An adjustment transaction will be created for the difference.,أدخل الرصيد الفعلي لهذا الحساب. سيتم إنشاء معاملة تعديل للفرق.,Entrez le solde réel de ce compte. Une transaction d'ajustement sera créée pour la différence.
acct_current_balance_label,,Current balance: {amount},الرصيد الحالي: {amount},Solde actuel : {amount}
acct_actual_balance,,Actual balance,الرصيد الفعلي,Solde réel
acct_enter_real_balance,,Enter the real balance,أدخل الرصيد الحقيقي,Entrez le solde réel
acct_apply_adjustment,,Apply Adjustment,تطبيق التعديل,Appliquer l'ajustement
acct_balance_adjustment,,Balance adjustment,تعديل الرصيد,Ajustement du solde
acct_balance_adjusted_by,,Balance adjusted by {amount},تم تعديل الرصيد بمقدار {amount},Solde ajusté de {amount}
acct_convert_back,,Convert Back,تحويل مرة أخرى,Reconvertir
acct_convert_back_msg,,Convert {amount} back to your account,تحويل {amount} مرة أخرى إلى حسابك,Reconvertir {amount} vers votre compte
acct_transfer_to,,Transfer to,تحويل إلى,Transférer vers
acct_amount_received,,Amount received,المبلغ المستلم,Montant reçu
acct_convert_archive,,Convert & Archive,تحويل وأرشفة,Convertir et archiver
acct_no_transfer_target,,No account to transfer to,لا حساب للتحويل إليه,Aucun compte cible pour le transfert
acct_converted_back,,Converted back {amount} and archived,تم التحويل مرة أخرى {amount} وأرشفة,Reconverti {amount} et archivé
acct_something_wrong,,Something went wrong. Please try again.,حدث خطأ ما. حاول مجدداً.,Une erreur est survenue. Veuillez réessayer.
acct_archive_title,,Archive Account,أرشفة الحساب,Archiver le compte
acct_archive_msg,,This account will be hidden from all lists and dropdowns. Your transactions will be preserved.\n\nYou can unarchive it later from Settings.,سيتم إخفاء هذا الحساب من جميع القوائم والقوائم المنسدلة. ستُحفظ معاملاتك.\n\nيمكنك إلغاء الأرشفة لاحقاً من الإعدادات.,Ce compte sera masqué de toutes les listes et menus déroulants. Vos transactions seront préservées.\n\nVous pouvez le désarchiver plus tard depuis les Paramètres.
acct_cannot_delete_title,,Cannot Delete Account,لا يمكن حذف الحساب,Impossible de supprimer le compte
acct_cannot_delete_msg,,"This account has {count} transaction reference{count,plural, =1{} other{s}}. You can't delete it while it has transactions.\n\nWould you like to archive it instead? Archived accounts are hidden from lists but preserve all transaction history.","هذا الحساب يحتوي على {count,plural, =1{مرجع معاملة واحد} other{{count} مراجع معاملات}}. لا يمكنك حذفه وهو يحتوي على معاملات.\n\nهل تريد أرشفته بدلاً من ذلك؟ الحسابات المؤرشفة مخفية من القوائم ولكنها تحافظ على كل سجل المعاملات.","Ce compte a {count,plural, =1{1 référence de transaction} other{{count} références de transactions}}. Vous ne pouvez pas le supprimer tant qu'il a des transactions.\n\nVoulez-vous l'archiver à la place ? Les comptes archivés sont masqués des listes mais préservent tout l'historique."
acct_delete_title,,Delete Account Permanently,حذف الحساب نهائياً,Supprimer le compte définitivement
acct_delete_msg,,This account has no transactions. Are you sure you want to permanently delete it? This cannot be undone.,هذا الحساب ليس له معاملات. هل أنت متأكد من الحذف النهائي؟ لا يمكن التراجع.,Ce compte n'a aucune transaction. Êtes-vous sûr de vouloir le supprimer définitivement ? Cette action est irréversible.
acct_archive_instead,,Archive Instead,أرشفة بدلاً من ذلك,Archiver à la place
cat_total,,{count} total,{count} إجمالي,{count} au total
cat_expense_count,,{count} expense,{count} مصروف,{count} dépense(s)
cat_income_count,,{count} income,{count} دخل,{count} revenu(s)
cat_search_hint,,Search categories...,البحث في الفئات...,Rechercher des catégories...
cat_all,,All,الكل,Tout
cat_no_yet,,No categories yet,لا فئات بعد,Aucune catégorie pour le moment
cat_tap_plus,,Tap + to create one,اضغط + لإنشاء واحدة,Appuyez sur + pour en créer une
cat_no_match,,No matching categories,لا فئات مطابقة,Aucune catégorie correspondante
cat_couldnt_load,,Couldn't load categories,تعذّر تحميل الفئات,Impossible de charger les catégories
cat_subcategories,,"{count,plural, =1{1 subcategory} other{{count} subcategories}}","{count,plural, =1{فئة فرعية واحدة} other{{count} فئات فرعية}}","{count,plural, =1{1 sous-catégorie} other{{count} sous-catégories}}"
cat_section_expense,,Expense,مصروف,Dépense
cat_section_income,,Income,دخل,Revenu
cat_edit,,Edit,تعديل,Modifier
cat_archive,,Archive,أرشفة,Archiver
cat_unarchive,,Unarchive,إلغاء الأرشفة,Désarchiver
cat_restored,,Category restored,تم استعادة الفئة,Catégorie restaurée
cat_archived,,Category archived,تم أرشفة الفئة,Catégorie archivée
cat_delete_title,,Delete Category,حذف الفئة,Supprimer la catégorie
cat_delete_no_tx,,This category has no transactions. Delete permanently?,هذه الفئة ليس لها معاملات. حذف نهائي؟,Cette catégorie n'a aucune transaction. Supprimer définitivement ?
cat_deleted,,Category deleted,تم حذف الفئة,Catégorie supprimée
cat_new_title,,New Category,فئة جديدة,Nouvelle catégorie
cat_edit_title,,Edit Category,تعديل الفئة,Modifier la catégorie
cat_name,,Name,الاسم,Nom
cat_parent,,Parent,الفئة الأم,Catégorie parente
cat_none,,None,لا شيء,Aucun
cat_create,,Create,إنشاء,Créer
cat_enter_name,,Enter a category name,أدخل اسم الفئة,Entrez un nom de catégorie
cat_created,,Category created,تم إنشاء الفئة,Catégorie créée
cat_updated,,Category updated,تم تحديث الفئة,Catégorie mise à jour
common_archive,,Archive,أرشفة,Archiver
backup_restore_failed,,Restore failed. The backup may be corrupted.,فشلت الاستعادة. قد يكون ملف النسخة الاحتياطية تالفاً.,La restauration a échoué. Le fichier de sauvegarde est peut-être corrompu.
export_data_title,,Export Data,تصدير البيانات,Exporter les données
export_trans_title,,Export Transactions,تصدير المعاملات,Exporter les transactions
export_trans_desc,,"Export all your transactions as a CSV file. You can open it in Excel, Google Sheets, or any spreadsheet app.",صدّر جميع معاملاتك كملف CSV. يمكنك فتحه في Excel أو Google Sheets أو أي تطبيق جداول بيانات.,"Exportez toutes vos transactions en fichier CSV. Vous pouvez l'ouvrir dans Excel, Google Sheets ou toute application de tableur."
about_privacy_terms,,Privacy & Terms,الخصوصية والشروط,Confidentialité et conditions
about_licenses,,Licenses,التراخيص,Licences
about_legalese,,© {year} Samer Cheaib. All rights reserved.,© {year} سامر شعيب. جميع الحقوق محفوظة.,© {year} Samer Cheaib. Tous droits réservés.
settings_title,,Settings,الإعدادات,Paramètres
settings_appearance_section,,Appearance,المظهر,Apparence
settings_data_section,,Data,البيانات,Données
settings_preferences_section,,Preferences,التفضيلات,Préférences
settings_security_section,,Security,الأمان,Sécurité
tile_recurring_bills,,Recurring & Bills,المتكررة والفواتير,Récurrences et factures
tile_bill_splitter,,Bill Splitter,تقسيم الفواتير,Partage de facture
tile_help_guide,,Help Guide,دليل المساعدة,Guide d'aide
settings_help_sub,,How to use BudgetSeal,كيفية استخدام BudgetSeal,Comment utiliser BudgetSeal
tile_theme,,Theme,المظهر,Thème
tile_accent_color,,Accent Color,لون التمييز,Couleur d'accentuation
tile_colors,,Colors,الألوان,Couleurs
tile_colors_sub,,"Income, expense & transfer",الدخل، المصاريف والتحويلات,"Revenus, dépenses et transferts"
tile_entry_mode,,Entry Mode,وضع الإدخال,Mode de saisie
tile_autofill,,Auto-fill,الملء التلقائي,Remplissage auto
tile_autofill_sub,,Pre-fill fields from last transaction,ملء الحقول من آخر معاملة,Pré-remplir les champs de la dernière transaction
tile_start_screen,,Start Screen,شاشة البداية,Écran de démarrage
tile_font,,Font,الخط,Police
tile_text_size,,Text Size,حجم النص,Taille du texte
tile_tx_list,,Transaction List,قائمة المعاملات,Liste des transactions
tile_tx_list_sub,,"Layout, icons, date banner",التخطيط، الأيقونات، شريط التاريخ,"Disposition, icônes, bannière de date"
tile_cloud_sync,,Cloud Sync,المزامنة السحابية,Synchronisation cloud
tile_cloud_sync_sub,,Sync across devices,مزامنة عبر الأجهزة,Synchroniser entre les appareils
tile_share_household,,Share Household,مشاركة الأسرة,Partager le foyer
tile_share_household_connected,,Invite someone to share your data,دعوة شخص لمشاركة بياناتك,Inviter quelqu'un à partager vos données
tile_share_household_disconnected,,Connect Cloud Sync first to share,قم بتوصيل المزامنة السحابية أولاً,Connectez d'abord la synchronisation cloud
tile_share_household_snackbar,,Set up Cloud Sync with Google Drive first to share your household.,قم بإعداد المزامنة السحابية مع Google Drive أولاً لمشاركة أسرتك.,Configurez d'abord la synchronisation cloud avec Google Drive pour partager votre foyer.
tile_backup_restore,,Backup & Restore,النسخ الاحتياطي والاستعادة,Sauvegarde et restauration
tile_backup_restore_sub,,Export or restore database,تصدير أو استعادة قاعدة البيانات,Exporter ou restaurer la base de données
tile_import_export,,Import & Export,الاستيراد والتصدير,Importer et exporter
tile_import_export_sub,,"CSV import, export, and reports",استيراد CSV، تصدير، وتقارير,"Import CSV, export et rapports"
tile_notifications,,Notifications,الإشعارات,Notifications
tile_notifications_sub,,"Daily reminder, envelope & bill alerts",تذكير يومي، تنبيهات المظاريف والفواتير,"Rappel quotidien, alertes enveloppes et factures"
tile_health_check,,Health Check,فحص السلامة,Bilan de santé
tile_health_check_sub,,Verify data integrity & repair,التحقق من سلامة البيانات وإصلاحها,Vérifier l'intégrité des données et réparer
tile_sync_receipts,,Sync Receipts,مزامنة الإيصالات,Synchroniser les reçus
tile_sync_receipts_on,,Upload receipt photos to cloud storage,رفع صور الإيصالات إلى التخزين السحابي,Télécharger les photos de reçus vers le cloud
tile_sync_receipts_off,,Receipts are stored on this device only,الإيصالات مخزنة على هذا الجهاز فقط,Les reçus sont stockés uniquement sur cet appareil
tile_base_currency,,Base Currency,العملة الأساسية,Devise de base
tile_period_start_day,,Period Start Day,يوم بداية الفترة,Jour de début de période
tile_period_start_day_desc,,The day of the month when a new budget period starts.,اليوم من الشهر الذي تبدأ فيه فترة ميزانية جديدة.,Le jour du mois où une nouvelle période budgétaire commence.
tile_currency_symbols,,Currency Symbols,رموز العملات,Symboles de devises
tile_currency_symbols_sub,,Override how currencies are displayed,تغيير طريقة عرض العملات,Modifier l'affichage des devises
tile_number_format,,Number Format,تنسيق الأرقام,Format des nombres
tile_date_format,,Date Format,تنسيق التاريخ,Format de date
tile_biometric_lock,,Biometric Lock,القفل البيومتري,Verrouillage biométrique
tile_biometric_sub,,Require fingerprint or face to open,طلب بصمة أو وجه للفتح,Exiger empreinte ou visage pour ouvrir
tile_reset_everything,,Reset Everything,إعادة تعيين الكل,Tout réinitialiser
tile_reset_sub,,Erase all data and start fresh,مسح جميع البيانات والبدء من جديد,Effacer toutes les données et recommencer
entry_mode_title,,Entry Mode,وضع الإدخال,Mode de saisie
entry_mode_desc,,Choose how you add new transactions.,اختر كيفية إضافة معاملات جديدة.,Choisissez comment ajouter de nouvelles transactions.
entry_mode_assisted,,Assisted (Step-by-step),مساعد (خطوة بخطوة),Assisté (étape par étape)
entry_mode_assisted_desc,,"Guides you through adding a transaction step by step. First pick a title, then a category, then enter the amount. Best for beginners.",يرشدك خطوة بخطوة لإضافة معاملة. اختر أولاً العنوان، ثم الفئة، ثم أدخل المبلغ. الأفضل للمبتدئين.,"Vous guide étape par étape pour ajouter une transaction. Choisissez d'abord un titre, puis une catégorie, puis entrez le montant. Idéal pour les débutants."
entry_mode_classic,,Classic (Single form),كلاسيكي (نموذج واحد),Classique (formulaire unique)
entry_mode_classic_desc,,All fields on one screen. Fill in what you need and save. Faster for experienced users.,جميع الحقول في شاشة واحدة. املأ ما تحتاج واحفظ. أسرع للمستخدمين ذوي الخبرة.,Tous les champs sur un seul écran. Remplissez ce dont vous avez besoin et enregistrez. Plus rapide pour les utilisateurs expérimentés.
entry_mode_assisted_short,,Assisted (step-by-step),مساعد (خطوة بخطوة),Assisté (étape par étape)
entry_mode_classic_short,,Classic (single form),كلاسيكي (نموذج واحد),Classique (formulaire unique)
theme_follow_device,,Follow device settings,اتبع إعدادات الجهاز,Suivre les paramètres de l'appareil
theme_amoled,,AMOLED pure black,أسود AMOLED نقي,Noir AMOLED pur
accent_color_title,,Accent Color,لون التمييز,Couleur d'accentuation
accent_color_system,,System,النظام,Système
accent_color_system_sub,,Material You (Android 12+),Material You (أندرويد 12+),Material You (Android 12+)
accent_color_system_label,,System (Material You),النظام (Material You),Système (Material You)
start_screen_title,,Start Screen,شاشة البداية,Écran de démarrage
start_screen_desc,,Opens when you launch the app.,تفتح عند تشغيل التطبيق.,S'ouvre au lancement de l'application.
choose_font_title,,Choose Font,اختر الخط,Choisir la police
font_preview,,The quick brown fox jumps over the lazy dog,الثعلب البني السريع يقفز فوق الكلب الكسول,Le vif renard brun saute par-dessus le chien paresseux
text_size_title,,Text Size,حجم النص,Taille du texte
text_size_preview,,Preview text at this size,نص معاينة بهذا الحجم,Aperçu du texte à cette taille
currency_symbols_title,,Currency Symbols,رموز العملات,Symboles de devises
currency_symbols_desc,,"Tap any currency to change how its symbol is displayed. For example, change ل.ل to LBP.",اضغط على أي عملة لتغيير طريقة عرض رمزها. مثلاً، غيّر ل.ل إلى LBP.,"Appuyez sur une devise pour changer l'affichage de son symbole. Par exemple, changez ل.ل en LBP."
currency_symbols_all_section,,All currencies,جميع العملات,Toutes les devises
currency_symbol_default,,Default: {symbol},الافتراضي: {symbol},Par défaut : {symbol}
currency_symbol_for,,Symbol for {code},رمز {code},Symbole pour {code}
number_format_title,,Number Format,تنسيق الأرقام,Format des nombres
number_format_desc,,Choose how numbers are displayed throughout the app.,اختر كيفية عرض الأرقام في التطبيق.,Choisissez comment les nombres sont affichés dans l'application.
number_format_preview,,Preview,معاينة,Aperçu
number_format_thousands,,Thousands Separator,فاصل الآلاف,Séparateur de milliers
number_format_decimal,,Decimal Separator,الفاصل العشري,Séparateur décimal
number_format_negative,,Negative Numbers,الأرقام السالبة,Nombres négatifs
number_format_conflict,,Some options are hidden because they conflict with the decimal separator.,بعض الخيارات مخفية لأنها تتعارض مع الفاصل العشري.,Certaines options sont masquées car elles entrent en conflit avec le séparateur décimal.
date_format_title,,Date Format,تنسيق التاريخ,Format de date
biometric_not_available,,Biometric authentication is not available on this device,المصادقة البيومترية غير متوفرة على هذا الجهاز,L'authentification biométrique n'est pas disponible sur cet appareil
biometric_verify,,Verify to enable biometric lock,تحقق لتفعيل القفل البيومتري,Vérifiez pour activer le verrouillage biométrique
biometric_failed,,Authentication failed — biometric lock not enabled,فشلت المصادقة — لم يتم تفعيل القفل البيومتري,Authentification échouée — verrouillage biométrique non activé
biometric_error,,Authentication error — biometric lock not enabled,خطأ في المصادقة — لم يتم تفعيل القفل البيومتري,Erreur d'authentification — verrouillage biométrique non activé
biometric_not_enrolled,,"No biometrics enrolled on this device. Please set up fingerprint or face unlock in your device settings, then try again.",لا توجد بيانات بيومترية مسجلة على هذا الجهاز. يرجى إعداد بصمة الإصبع أو التعرف على الوجه في إعدادات الجهاز، ثم حاول مرة أخرى.,"Aucune donnée biométrique enregistrée sur cet appareil. Veuillez configurer l'empreinte digitale ou la reconnaissance faciale dans les paramètres de l'appareil, puis réessayez."
biometric_locked_out,,Too many attempts. Please wait and try again.,محاولات كثيرة جداً. يرجى الانتظار والمحاولة مرة أخرى.,Trop de tentatives. Veuillez patienter et réessayer.
biometric_passcode_not_set,,"No screen lock is set up on this device. Please set up a PIN, pattern, or password first.",لم يتم إعداد قفل الشاشة على هذا الجهاز. يرجى إعداد رمز PIN أو نمط أو كلمة مرور أولاً.,"Aucun verrouillage d'écran n'est configuré sur cet appareil. Veuillez d'abord configurer un code PIN, un schéma ou un mot de passe."
backup_banner_no_backup,,You haven't backed up yet,لم تقم بعمل نسخة احتياطية بعد,Vous n'avez pas encore sauvegardé
backup_banner_days_ago,,You haven't backed up in {days} days,لم تقم بعمل نسخة احتياطية منذ {days} أيام,Vous n'avez pas sauvegardé depuis {days} jours
backup_now_button,,Backup Now,نسخ احتياطي الآن,Sauvegarder maintenant
sync_share_invite_text,,Join my BudgetSeal household! Enter this code in the app:\n{code},انضم إلى أسرتي في BudgetSeal! أدخل هذا الرمز في التطبيق:\n{code},Rejoignez mon foyer BudgetSeal ! Saisissez ce code dans l'application :\n{code}
privacy_terms_title,,Privacy & Terms,الخصوصية والشروط,Confidentialité et conditions
privacy_policy_title,,Privacy Policy,سياسة الخصوصية,Politique de confidentialité
privacy_last_updated,,Last updated: May 2026,آخر تحديث: مايو 2026,Dernière mise à jour : mai 2026
privacy_intro,,"BudgetSeal is designed with your privacy as a core principle. Your financial data belongs to you — we never collect, store, or transmit it to any server.",تم تصميم BudgetSeal مع جعل خصوصيتك مبدأ أساسي. بياناتك المالية ملكك — نحن لا نجمع أو نخزن أو ننقلها إلى أي خادم.,"BudgetSeal est conçu avec votre vie privée comme principe fondamental. Vos données financières vous appartiennent — nous ne les collectons, stockons ou transmettons jamais à aucun serveur."
privacy_data_storage_title,,1. Data Storage,1. تخزين البيانات,1. Stockage des données
privacy_data_storage_body,,"All your financial data (transactions, accounts, envelopes, categories, goals, and settings) is stored locally on your device in an SQLite database. No data leaves your device unless you explicitly enable Cloud Sync.",جميع بياناتك المالية (المعاملات، الحسابات، المظاريف، الفئات، الأهداف، والإعدادات) مخزنة محلياً على جهازك في قاعدة بيانات SQLite. لا تغادر البيانات جهازك إلا إذا قمت بتفعيل المزامنة السحابية صراحة.,Toutes vos données financières sont stockées localement sur votre appareil dans une base de données SQLite. Aucune donnée ne quitte votre appareil sauf si vous activez explicitement la synchronisation cloud.
privacy_cloud_sync_title,,2. Cloud Sync (Optional),2. المزامنة السحابية (اختيارية),2. Synchronisation cloud (optionnelle)
privacy_cloud_sync_body,,"If you choose to enable Cloud Sync, your data is uploaded to your personal Google Drive account or a file storage provider you select. BudgetSeal does not have access to your Google account credentials — authentication is handled by Google's OAuth system.\n\nYou may optionally encrypt your sync file with AES-256 encryption using a password you set. The password is stored only on your device in secure storage (Android Keystore / iOS Keychain).",إذا اخترت تفعيل المزامنة السحابية، يتم رفع بياناتك إلى حسابك الشخصي على Google Drive أو مزود تخزين ملفات تختاره. BudgetSeal لا يملك وصولاً إلى بيانات اعتماد حسابك على Google — تتم المصادقة عبر نظام OAuth من Google.\n\nيمكنك اختيارياً تشفير ملف المزامنة بتشفير AES-256 باستخدام كلمة مرور تحددها. يتم تخزين كلمة المرور فقط على جهازك في التخزين الآمن.,"Si vous choisissez d'activer la synchronisation cloud, vos données sont téléchargées sur votre compte Google Drive personnel ou un fournisseur de stockage de votre choix. BudgetSeal n'a pas accès à vos identifiants Google — l'authentification est gérée par le système OAuth de Google.\n\nVous pouvez optionnellement chiffrer votre fichier de synchronisation avec le chiffrement AES-256 en utilisant un mot de passe que vous définissez."
privacy_web_companion_title,,3. Web Companion,3. الرفيق الويب,3. Compagnon Web
privacy_web_companion_body,,"The Web Companion feature runs a local HTTP server on your phone. It is only accessible from devices on the same WiFi network (private IP addresses). No data is sent to the internet. The connection is protected by a PIN, session tokens, and rate limiting. The server stops automatically after 6 hours.",ميزة الرفيق الويب تشغل خادم HTTP محلي على هاتفك. يمكن الوصول إليه فقط من الأجهزة على نفس شبكة WiFi. لا يتم إرسال أي بيانات إلى الإنترنت. الاتصال محمي برمز PIN وجلسات ومعدل تحديد. يتوقف الخادم تلقائياً بعد 6 ساعات.,"La fonctionnalité Compagnon Web exécute un serveur HTTP local sur votre téléphone. Il n'est accessible que depuis les appareils sur le même réseau WiFi. Aucune donnée n'est envoyée sur Internet. La connexion est protégée par un code PIN, des jetons de session et une limitation de débit. Le serveur s'arrête automatiquement après 6 heures."
privacy_analytics_title,,4. Analytics & Tracking,4. التحليلات والتتبع,4. Analyses et suivi
privacy_analytics_body,,"BudgetSeal does not include any analytics SDKs, crash reporting tools, advertising libraries, or tracking pixels. No usage data, device identifiers, or behavioral metrics are collected.",BudgetSeal لا يتضمن أي أدوات تحليل أو تقارير أعطال أو مكتبات إعلانية أو بكسلات تتبع. لا يتم جمع أي بيانات استخدام أو معرفات أجهزة أو مقاييس سلوكية.,"BudgetSeal n'inclut aucun SDK d'analyse, outil de rapport de plantage, bibliothèque publicitaire ou pixel de suivi. Aucune donnée d'utilisation, identifiant d'appareil ou métrique comportementale n'est collectée."
privacy_permissions_title,,5. Permissions,5. الأذونات,5. Autorisations
privacy_permissions_body,,• Camera — used only for receipt scanning (offline OCR)\n• Notifications — daily reminders and bill alerts\n• Biometrics — optional app lock\n• Network — only for Cloud Sync and exchange rate fetching\n• Local Network — Web Companion server\n\nAll permissions are optional and can be denied without affecting core functionality.,• الكاميرا — تستخدم فقط لمسح الإيصالات\n• الإشعارات — تذكيرات يومية وتنبيهات فواتير\n• البيومتري — قفل تطبيق اختياري\n• الشبكة — فقط للمزامنة السحابية وجلب أسعار الصرف\n• الشبكة المحلية — خادم الرفيق الويب\n\nجميع الأذونات اختيارية ويمكن رفضها دون التأثير على الوظائف الأساسية.,• Caméra — utilisée uniquement pour le scan de reçus\n• Notifications — rappels quotidiens et alertes de factures\n• Biométrie — verrouillage optionnel de l'application\n• Réseau — uniquement pour la synchronisation cloud et les taux de change\n• Réseau local — serveur Compagnon Web\n\nToutes les autorisations sont optionnelles et peuvent être refusées sans affecter les fonctionnalités principales.
privacy_receipts_title,,6. Receipt Images,6. صور الإيصالات,6. Images de reçus
privacy_receipts_body,,Receipt photos are stored in the app's private directory on your device. They are not uploaded anywhere unless you enable receipt sync via Google Drive. OCR processing is performed entirely offline using on-device ML.,يتم تخزين صور الإيصالات في المجلد الخاص بالتطبيق على جهازك. لا يتم رفعها إلى أي مكان إلا إذا قمت بتفعيل مزامنة الإيصالات عبر Google Drive. تتم معالجة OCR بالكامل على الجهاز.,Les photos de reçus sont stockées dans le répertoire privé de l'application sur votre appareil. Elles ne sont téléchargées nulle part sauf si vous activez la synchronisation des reçus via Google Drive. Le traitement OCR est effectué entièrement hors ligne.
privacy_backups_title,,7. Backups,7. النسخ الاحتياطي,7. Sauvegardes
privacy_backups_body,,Automatic backups are stored locally in the app's documents directory. You control backup frequency and retention. Exported backup files are shared via the system share sheet and deleted from temporary storage afterward.,يتم تخزين النسخ الاحتياطية التلقائية محلياً في مجلد وثائق التطبيق. أنت تتحكم في تكرار النسخ الاحتياطي والاحتفاظ. يتم مشاركة ملفات النسخ الاحتياطي المصدرة عبر ورقة المشاركة وحذفها من التخزين المؤقت بعد ذلك.,Les sauvegardes automatiques sont stockées localement dans le répertoire documents de l'application. Vous contrôlez la fréquence et la rétention des sauvegardes.
terms_of_use_title,,Terms of Use,شروط الاستخدام,Conditions d'utilisation
terms_acceptance_title,,1. Acceptance,1. القبول,1. Acceptation
terms_acceptance_body,,"By using BudgetSeal, you agree to these terms. If you do not agree, please uninstall the app.",باستخدام BudgetSeal، فإنك توافق على هذه الشروط. إذا كنت لا توافق، يرجى إلغاء تثبيت التطبيق.,"En utilisant BudgetSeal, vous acceptez ces conditions. Si vous n'êtes pas d'accord, veuillez désinstaller l'application."
terms_intended_use_title,,2. Intended Use,2. الاستخدام المقصود,2. Utilisation prévue
terms_intended_use_body,,"BudgetSeal is a personal finance management tool for individual and household budgeting. It is not intended for commercial accounting, tax preparation, or financial advice. The app provides tools to organize your finances — it does not provide financial recommendations.",BudgetSeal هو أداة لإدارة التمويل الشخصي للميزانية الفردية والأسرية. لا يُقصد منه المحاسبة التجارية أو إعداد الضرائب أو المشورة المالية.,"BudgetSeal est un outil de gestion financière personnelle pour la budgétisation individuelle et familiale. Il n'est pas destiné à la comptabilité commerciale, la préparation fiscale ou les conseils financiers."
terms_data_accuracy_title,,3. Data Accuracy,3. دقة البيانات,3. Exactitude des données
terms_data_accuracy_body,,"You are responsible for the accuracy of the data you enter. BudgetSeal calculates balances, budgets, and reports based on your input. Exchange rates fetched from external sources are approximate and may not reflect real-time market rates.",أنت مسؤول عن دقة البيانات التي تدخلها. يحسب BudgetSeal الأرصدة والميزانيات والتقارير بناءً على مدخلاتك. أسعار الصرف المجلوبة من مصادر خارجية تقريبية وقد لا تعكس أسعار السوق الفعلية.,"Vous êtes responsable de l'exactitude des données que vous saisissez. BudgetSeal calcule les soldes, budgets et rapports en fonction de vos saisies. Les taux de change provenant de sources externes sont approximatifs."
terms_no_warranty_title,,4. No Warranty,4. بدون ضمان,4. Sans garantie
terms_no_warranty_body,,"BudgetSeal is provided ""as is"" without warranty of any kind. While we strive for reliability, we cannot guarantee that the app will be error-free or uninterrupted. Regular backups are strongly recommended.","يتم توفير BudgetSeal ""كما هو"" بدون ضمان من أي نوع. بينما نسعى للموثوقية، لا يمكننا ضمان أن التطبيق سيكون خالياً من الأخطاء أو بدون انقطاع. يُنصح بشدة بعمل نسخ احتياطية منتظمة.","BudgetSeal est fourni ""tel quel"" sans garantie d'aucune sorte. Bien que nous nous efforcions d'assurer la fiabilité, nous ne pouvons pas garantir que l'application sera exempte d'erreurs. Des sauvegardes régulières sont fortement recommandées."
terms_liability_title,,5. Limitation of Liability,5. تحديد المسؤولية,5. Limitation de responsabilité
terms_liability_body,,"The developer shall not be liable for any direct, indirect, incidental, or consequential damages arising from the use of BudgetSeal, including but not limited to data loss, financial miscalculations, or sync failures.",لن يكون المطور مسؤولاً عن أي أضرار مباشرة أو غير مباشرة أو عرضية أو تبعية ناتجة عن استخدام BudgetSeal.,"Le développeur ne sera pas responsable des dommages directs, indirects, accessoires ou consécutifs résultant de l'utilisation de BudgetSeal."
termsIPTitle,,6. Intellectual Property,6. الملكية الفكرية,6. Propriété intellectuelle
termsIPBody,,BudgetSeal and its original content are protected by copyright. The app uses open-source libraries listed in the Licenses section of the About screen.,BudgetSeal ومحتواه الأصلي محمي بحقوق النشر. يستخدم التطبيق مكتبات مفتوحة المصدر مدرجة في قسم التراخيص.,BudgetSeal et son contenu original sont protégés par le droit d'auteur. L'application utilise des bibliothèques open source listées dans la section Licences.
terms_changes_title,,7. Changes,7. التغييرات,7. Modifications
terms_changes_body,,These terms may be updated with new app versions. Continued use after an update constitutes acceptance of the revised terms.,قد يتم تحديث هذه الشروط مع إصدارات التطبيق الجديدة. الاستمرار في الاستخدام بعد التحديث يعني قبول الشروط المعدلة.,Ces conditions peuvent être mises à jour avec les nouvelles versions de l'application. L'utilisation continue après une mise à jour constitue l'acceptation des conditions révisées.
terms_contact_title,,8. Contact,8. الاتصال,8. Contact
terms_contact_body,,"For questions or concerns about this privacy policy or terms of use, contact: fancyshark505@gmail.com",للأسئلة أو المخاوف حول سياسة الخصوصية أو شروط الاستخدام، تواصل: fancyshark505@gmail.com,"Pour toute question ou préoccupation concernant cette politique de confidentialité ou ces conditions d'utilisation, contactez : fancyshark505@gmail.com"
health_repair_failed,,Repair failed. Please try again.,فشل الإصلاح. يرجى المحاولة مرة أخرى.,La réparation a échoué. Veuillez réessayer.
notif_budget_warning_title,,Budget Alert,تنبيه الميزانية,Alerte budget
notif_budget_warning,,{name}: {percent}% used with {days} days left,{name}: تم استخدام {percent}% مع بقاء {days} أيام,{name} : {percent}% utilisé avec {days} jours restants
onboard_household_name_error,,Enter a household name,أدخل اسم الأسرة,Entrez un nom de foyer
onboard_account_name_error,,Enter an account name,أدخل اسم الحساب,Entrez un nom de compte
onboard_more_options,,More options,خيارات إضافية,Plus d'options
onboard_day_n,,Day {day},اليوم {day},Jour {day}
onboard_envelope_explainer,,"Envelope budgeting is simple: divide your income into virtual envelopes for each spending category. When an envelope runs out, you stop spending in that category.",ميزانية الأظرف بسيطة: قسّم دخلك إلى أظرف افتراضية لكل فئة إنفاق. عندما ينفد ظرف ما، تتوقف عن الإنفاق في تلك الفئة.,"La budgétisation par enveloppes est simple : répartissez vos revenus dans des enveloppes virtuelles pour chaque catégorie de dépenses. Quand une enveloppe est vide, vous arrêtez de dépenser dans cette catégorie."
onboard_household_hint,,e.g. My Budget,مثلاً: ميزانيتي,ex. Mon Budget
onboard_period_help,,The day your monthly budget resets (usually the 1st or your payday).,اليوم الذي تُعاد فيه ميزانيتك الشهرية (عادةً الأول من الشهر أو يوم الراتب).,Le jour où votre budget mensuel se réinitialise (généralement le 1er ou votre jour de paie).
onboard_help_hint,,Need help? Check our guide anytime from More > Help Guide.,تحتاج مساعدة؟ تحقق من دليلنا في أي وقت من المزيد > دليل المساعدة.,Besoin d'aide ? Consultez notre guide à tout moment depuis Plus > Guide d'aide.
travel_previous_wallet,,You have a previous {currency} travel wallet:,لديك محفظة سفر سابقة بعملة {currency}:,Vous avez un précédent portefeuille de voyage en {currency} :
travel_exchange_failed,,Exchange failed. Please try again.,فشل التحويل. حاول مجدداً.,Échec du change. Veuillez réessayer.
travel_balance_label,,Balance: {amount},الرصيد: {amount},Solde : {amount}
period_transition_failed,,Failed to complete transition. Please try again.,فشل إكمال الانتقال. حاول مجدداً.,Échec de la transition. Veuillez réessayer.
leftover_load_error,,Couldn't load data,تعذّر تحميل البيانات,Impossible de charger les données
leftover_resolve_failed,,Failed to resolve leftovers. Please try again.,فشل حل المتبقي. حاول مجدداً.,Échec de la résolution des restes. Veuillez réessayer.
common_try_again,,Try Again,حاول مجدداً,Réessayer
common_error_desc,,An unexpected error occurred. Try going back or restarting the app.,حدث خطأ غير متوقع. حاول العودة أو إعادة تشغيل التطبيق.,Une erreur inattendue s'est produite. Essayez de revenir en arrière ou de redémarrer l'application.
common_uncategorized,,Uncategorized,غير مصنف,Non classé
wc_public_network_desc_named,,"You appear to be on a public network (""{wifiName}""). Do not start the server — your data will be transmitted unencrypted and could be intercepted by others on the same network.","يبدو أنك على شبكة عامة (""{wifiName}""). لا تشغّل الخادم — سيتم نقل بياناتك بدون تشفير ويمكن اعتراضها من قبل آخرين على نفس الشبكة.","Vous semblez être sur un réseau public (""{wifiName}""). Ne démarrez pas le serveur — vos données seront transmises sans chiffrement et pourraient être interceptées par d'autres sur le même réseau."
wc_public_network_desc_unnamed,,You appear to be on a public network. Do not start the server — your data will be transmitted unencrypted and could be intercepted by others on the same network.,يبدو أنك على شبكة عامة. لا تشغّل الخادم — سيتم نقل بياناتك بدون تشفير ويمكن اعتراضها من قبل آخرين على نفس الشبكة.,Vous semblez être sur un réseau public. Ne démarrez pas le serveur — vos données seront transmises sans chiffrement et pourraient être interceptées par d'autres sur le même réseau.
wc_network_security_desc,,"Web Companion uses HTTP (unencrypted). Only use it on your private home or office WiFi. Never start the server on public networks (hotels, airports, cafes) — anyone on the same network could see your data.",يستخدم المرافق الإلكتروني بروتوكول HTTP (غير مشفر). استخدمه فقط على شبكة WiFi المنزلية أو المكتبية الخاصة. لا تشغّل الخادم على الشبكات العامة (الفنادق، المطارات، المقاهي) — يمكن لأي شخص على نفس الشبكة رؤية بياناتك.,"Web Companion utilise HTTP (non chiffré). Utilisez-le uniquement sur votre WiFi privé domestique ou de bureau. Ne démarrez jamais le serveur sur des réseaux publics (hôtels, aéroports, cafés) — n'importe qui sur le même réseau pourrait voir vos données."
wc_security_warning_named,,"Network ""{wifiName}"" may be public. Traffic is unencrypted — avoid using Web Companion on public WiFi, as others on the same network could intercept your data.","شبكة ""{wifiName}"" قد تكون عامة. حركة البيانات غير مشفرة — تجنب استخدام المرافق الإلكتروني على شبكات WiFi العامة.","Le réseau ""{wifiName}"" peut être public. Le trafic n'est pas chiffré — évitez d'utiliser Web Companion sur les réseaux WiFi publics."
wc_security_warning_unnamed,,"Could not detect your WiFi network name. If you're on a public network, avoid using Web Companion — traffic is unencrypted and could be intercepted.",تعذر اكتشاف اسم شبكة WiFi. إذا كنت على شبكة عامة، تجنب استخدام المرافق الإلكتروني — حركة البيانات غير مشفرة ويمكن اعتراضها.,"Impossible de détecter le nom de votre réseau WiFi. Si vous êtes sur un réseau public, évitez d'utiliser Web Companion — le trafic n'est pas chiffré et pourrait être intercepté."
tmpl_apply_error,,Could not apply template,تعذر تطبيق القالب,Impossible d'appliquer le modèle
tmpl_delete_error,,Could not delete template,تعذر حذف القالب,Impossible de supprimer le modèle
tmpl_enter_amount,,Enter an amount,أدخل مبلغاً,Entrez un montant
tmpl_count_one,,{count} template,{count} قالب,{count} modèle
tmpl_count_other,,{count} templates,{count} قوالب,{count} modèles
tmpl_use_count_one,,{count} use,{count} استخدام,{count} utilisation
tmpl_use_count_other,,{count} uses,{count} استخدامات,{count} utilisations
tile_language,,Language,اللغة,Langue
tile_language_sub,,App display language,لغة عرض التطبيق,Langue d'affichage de l'application
language_system,,System,النظام,Système
language_english,,English,English,English
language_arabic,,العربية,العربية,العربية
language_french,,Français,Français,Français
language_picker_title,,Language,اللغة,Langue
recurring_title,,Recurring,المتكررة,Récurrentes
recurring_summary_total,,Total,الإجمالي,Total
recurring_summary_active,,Active,نشطة,Actives
recurring_summary_paused,,Paused,متوقفة,En pause
recurring_empty_title,,No recurring transactions,لا توجد معاملات متكررة,Aucune transaction récurrente
recurring_empty_subtitle,,Tap + to create one,اضغط + لإنشاء واحدة,Appuyez sur + pour en créer une
recurring_filtered_empty,,No {type} recurring transactions,لا توجد معاملات {type} متكررة,Aucune transaction récurrente de type {type}
recurring_delete_title,,Delete recurring transaction?,حذف المعاملة المتكررة؟,Supprimer la transaction récurrente ?
recurring_delete_body,,This will be permanently removed.,ستتم إزالتها نهائياً.,Elle sera définitivement supprimée.
recurring_deleted,,Recurring transaction deleted,تم حذف المعاملة المتكررة,Transaction récurrente supprimée
recurring_created,,Recurring transaction created,تم إنشاء المعاملة المتكررة,Transaction récurrente créée
recurring_updated,,Recurring transaction updated,تم تحديث المعاملة المتكررة,Transaction récurrente mise à jour
recurring_new_title,,New Recurring Transaction,معاملة متكررة جديدة,Nouvelle transaction récurrente
recurring_new_sub_title,,New Subscription,اشتراك جديد,Nouvel abonnement
recurring_edit_title,,Edit Recurring Transaction,تعديل المعاملة المتكررة,Modifier la transaction récurrente
recurring_form_title_hint,,"Title (e.g. Rent, Salary)",العنوان (مثلاً: إيجار، راتب),"Titre (ex. Loyer, Salaire)"
recurring_form_title_required,,Title is required,العنوان مطلوب,Le titre est requis
recurring_form_ends,,Ends: {date},تنتهي: {date},Fin : {date}
recurring_form_ends_never,,Ends: Never (tap to set),تنتهي: أبداً (اضغط للتعيين),Fin : Jamais (appuyez pour définir)
recurring_form_next_due,,Next due: {date},الاستحقاق التالي: {date},Prochaine échéance : {date}
recurring_form_clear_end_date,,Clear end date,مسح تاريخ الانتهاء,Effacer la date de fin
recurring_form_is_subscription,,This is a subscription,هذا اشتراك,Ceci est un abonnement
recurring_form_subscription_hint,,"e.g. Netflix, Spotify",مثلاً: نتفليكس، سبوتيفاي,"ex. Netflix, Spotify"
recurring_form_create,,Create,إنشاء,Créer
recurring_form_enter_title,,Enter a title,أدخل عنواناً,Entrez un titre
recurring_form_enter_amount,,Enter a valid amount,أدخل مبلغاً صحيحاً,Entrez un montant valide
recurring_form_select_account,,Select an account,اختر حساباً,Sélectionnez un compte
recurring_status_active,,Active,نشطة,Active
recurring_status_paused,,Paused,متوقفة,En pause
recurring_pause_tooltip,,Pause recurring,إيقاف المعاملة المتكررة,Mettre en pause
recurring_resume_tooltip,,Resume recurring,استئناف المعاملة المتكررة,Reprendre
recurring_tile_next,,Next: {date},التالي: {date},Prochain : {date}
import_csv_title,,Import CSV,استيراد CSV,Importer CSV
import_from_bank,,Import from Bank CSV,استيراد من ملف CSV بنكي,Importer depuis un CSV bancaire
import_csv_desc,,Select a CSV export from your bank. Column roles will be auto-detected.,اختر ملف CSV من البنك. سيتم اكتشاف أدوار الأعمدة تلقائياً.,Sélectionnez un export CSV de votre banque. Les rôles des colonnes seront détectés automatiquement.
import_load_csv,,Load CSV,تحميل CSV,Charger CSV
import_failed,,Import failed. Please check the file format.,فشل الاستيراد. يرجى التحقق من تنسيق الملف.,Échec de l'importation. Vérifiez le format du fichier.
import_found_rows,,Found {count} rows in {fileName},تم العثور على {count} صف في {fileName},{count} lignes trouvées dans {fileName}
import_column_mapping,,Column Mapping,تعيين الأعمدة,Mappage des colonnes
import_column_map_desc,,Assign a role to each column. Roles were auto-detected -- adjust as needed.,عيّن دوراً لكل عمود. تم الاكتشاف التلقائي — عدّل حسب الحاجة.,Attribuez un rôle à chaque colonne. Les rôles ont été détectés automatiquement — ajustez si nécessaire.
import_preview,,Import Preview,معاينة الاستيراد,Aperçu de l'importation
import_no_amount,,No Amount column assigned. Please map at least one column to Amount.,لم يتم تعيين عمود المبلغ. يرجى تعيين عمود واحد على الأقل للمبلغ.,Aucune colonne Montant attribuée. Veuillez mapper au moins une colonne au Montant.
import_into_account,,Import into account,استيراد إلى الحساب,Importer dans le compte
import_assign_amount,,Please assign an Amount column,يرجى تعيين عمود للمبلغ,Veuillez attribuer une colonne Montant
import_success,,Imported {count} transactions,تم استيراد {count} معاملة,{count} transactions importées
import_importing,,Importing… ({count}),جاري الاستيراد… ({count}),Importation… ({count})
import_button,,Import {count} transactions,استيراد {count} معاملة,Importer {count} transactions
import_col_skip,,Skip,تخطي,Ignorer
import_col_date,,Date,التاريخ,Date
import_col_description,,Description,الوصف,Description
obj_payment_failed,,Payment failed. Please try again.,فشل الدفع. يرجى المحاولة مرة أخرى.,Échec du paiement. Veuillez réessayer.
obj_no_payments,,No payments yet,لا توجد مدفوعات بعد,Aucun paiement pour le moment
obj_current,,Current: {amount},الحالي: {amount},Actuel : {amount}
obj_category_optional,,Category (optional),الفئة (اختياري),Catégorie (optionnel)
obj_loan_dir_lent_hint,,You gave money — payments are incoming,أنت أعطيت المال — المدفوعات واردة,Vous avez prêté — les paiements sont entrants
obj_loan_dir_borrowed_hint,,You owe money — payments are outgoing,أنت مدين — المدفوعات صادرة,Vous devez — les paiements sont sortants
obj_target_amount_label,,Target amount,المبلغ المستهدف,Montant cible
obj_deadline_prefix,,Deadline: {date},الموعد النهائي: {date},Échéance : {date}
obj_summary_remaining,,Remaining,المتبقي,Restant
obj_payments_section,,Payments,المدفوعات,Paiements
obj_settings_section,,Settings,الإعدادات,Paramètres
obj_type_section,,Type,النوع,Type
obj_hide_settings,,Hide Settings,إخفاء الإعدادات,Masquer les paramètres
obj_edit_settings,,Edit Settings,تعديل الإعدادات,Modifier les paramètres
obj_of_target,,of {amount},من {amount},sur {amount}
obj_received_from,,Received {amount} from {account},تم استلام {amount} من {account},Reçu {amount} de {account}
obj_paid_from,,Paid {amount} from {account},تم دفع {amount} من {account},Payé {amount} depuis {account}
health_purge_content,,Permanently remove {count} soft-deleted transaction(s) and their lines from the database?\n\n{suffix},حذف {count} معاملة محذوفة نهائياً وسطورها من قاعدة البيانات؟\n\n{suffix},Supprimer définitivement {count} transaction(s) supprimée(s) et leurs lignes de la base de données ?\n\n{suffix}
health_purge_button_n,,Purge {count} deleted transaction(s),حذف {count} معاملة محذوفة نهائياً,Purger {count} transaction(s) supprimée(s)
health_auto_adjustment,,Health check auto-adjustment,تعديل تلقائي لفحص السلامة,Ajustement automatique du bilan de santé
health_report_title,,BudgetSeal Health Check Report,تقرير فحص سلامة BudgetSeal,Rapport de santé BudgetSeal
health_adjustments_created,,{count} adjustment(s) created,تم إنشاء {count} تعديل(ات),{count} ajustement(s) créé(s)
health_purged,,{count} transaction(s) purged,تم حذف {count} معاملة نهائياً,{count} transaction(s) purgée(s)
customize_desc,,Drag to reorder. Toggle to show/hide sections.,اسحب لإعادة الترتيب. بدّل لإظهار/إخفاء الأقسام.,Faites glisser pour réorganiser. Basculez pour afficher/masquer les sections.
cat_sheet_category_name,,Category name,اسم الفئة,Nom de la catégorie
cat_sheet_no_match,,No matching categories,لا توجد فئات مطابقة,Aucune catégorie correspondante
cat_sheet_no_categories,,"No categories yet.\nTap ""New"" above to create one.","لا توجد فئات بعد.\nاضغط ""جديد"" أعلاه لإنشاء واحدة.",Aucune catégorie pour le moment.\nAppuyez sur « Nouveau » ci-dessus pour en créer une.
sync_connected_to,,Connected to {provider},متصل بـ {provider},Connecté à {provider}
sync_last_synced,,Last synced {time} · {suffix},آخر مزامنة {time} · {suffix},Dernière synchro {time} · {suffix}
sync_changes_merged,,"{count, plural, =1{1 change merged} other{{count} changes merged}}","{count, plural, =1{تم دمج تغيير واحد} =2{تم دمج تغييرين} few{تم دمج {count} تغييرات} other{تم دمج {count} تغيير}}","{count, plural, =1{1 modification fusionnée} other{{count} modifications fusionnées}}"
sync_up_to_date,,up to date,محدّث,à jour
language_system_desc,,Follow device settings,اتباع إعدادات الجهاز,Suivre les paramètres de l'appareil
dashboard_quick_actions_hint_title,,Quick Actions,إجراءات سريعة,Actions rapides
dashboard_quick_actions_hint_body,,Fund assigns money to your envelopes. Split lets you divide a bill with others.,التمويل يوزع المال على أظرفك. التقسيم يتيح لك مشاركة فاتورة مع آخرين.,Financer affecte de l'argent à vos enveloppes. Diviser vous permet de partager une addition.
fund_distributing,,Distributing {distributed} of {available},توزيع {distributed} من {available},Distribution de {distributed} sur {available}
cat_delete_tx_count,,"{count, plural, =1{1 transaction uses this category} other{{count} transactions use this category}}","{count, plural, =1{معاملة واحدة تستخدم هذه الفئة} other{{count} معاملات تستخدم هذه الفئة}}","{count, plural, =1{1 transaction utilise cette catégorie} other{{count} transactions utilisent cette catégorie}}"
cat_delete_linked_envelope,,"linked to envelope ""{name}""","مرتبطة بالظرف ""{name}""",liée à l'enveloppe « {name} »
cat_delete_warning,,This category has {warnings}.\n\nDeleting will uncategorize those transactions and unlink it from the envelope.\n\nConsider archiving instead.,هذه الفئة {warnings}.\n\nسيؤدي الحذف إلى إزالة التصنيف من تلك المعاملات وإلغاء الربط بالظرف.\n\nفكّر في الأرشفة بدلاً من ذلك.,Cette catégorie {warnings}.\n\nLa suppression décatégorisera ces transactions et la déliera de l'enveloppe.\n\nEnvisagez plutôt l'archivage.
sub_freq_day,,/day,/يوم,/jour
sub_freq_week,,/week,/أسبوع,/semaine
sub_freq_month,,/month,/شهر,/mois
sub_freq_year,,/year,/سنة,/an
sub_freq_days,,/{n} days,/كل {n} أيام,/tous les {n} jours
sub_freq_weeks,,/{n} weeks,/كل {n} أسابيع,/toutes les {n} semaines
sub_freq_months,,/{n} months,/كل {n} أشهر,/tous les {n} mois
sub_freq_years,,/{n} years,/كل {n} سنوات,/tous les {n} ans
sub_cancel_body_with_tx,,"This will cancel future billing and remove {count, plural, =1{1 transaction} other{{count} transactions}} after {date}.","{count, plural, =1{سيتم إلغاء الفوترة المستقبلية وحذف معاملة واحدة} other{سيتم إلغاء الفوترة المستقبلية وحذف {count} معاملات}} بعد {date}.","Cela annulera la facturation future et supprimera {count, plural, =1{1 transaction} other{{count} transactions}} après le {date}."
sub_cancel_body_no_tx,,This will set the cancellation date to {date}.,سيتم تعيين تاريخ الإلغاء إلى {date}.,Cela définira la date d'annulation au {date}.
planned_post_all_content,,Post all {count} planned payments for {month}?,ترحيل جميع المدفوعات المخططة ({count}) لـ{month}؟,Enregistrer les {count} paiements planifiés pour {month} ?
planned_post_all_result,,{count} payments posted,تم ترحيل {count} مدفوعات,{count} paiements enregistrés
planned_post_all_result_partial,,"{posted} posted, {failed} failed",تم ترحيل {posted}، فشل {failed},"{posted} enregistrés, {failed} échoués"
planned_delete_content,,This payment will be permanently removed. This cannot be undone.,ستتم إزالة هذه الدفعة نهائياً. لا يمكن التراجع عن هذا الإجراء.,Ce paiement sera définitivement supprimé. Cette action est irréversible.
planned_chip_label,,planned,مخططة,planifiés
planned_total_label,,total,الإجمالي,total
planned_exact_date_value,,Exact date: {date},التاريخ المحدد: {date},Date précise : {date}
planned_select_account,,Select an account,اختر حساباً,Sélectionnez un compte
planned_updated,,Planned payment updated,تم تحديث الدفعة المخططة,Paiement planifié mis à jour
planned_created,,Payment planned,تم تخطيط الدفعة,Paiement planifié
travel_exchange_success,,"Exchanged {fromAmount} → {toAmount}. Open the travel wallet and use ""Convert Back & Close"" to return leftover money.","تم التحويل {fromAmount} → {toAmount}. افتح محفظة السفر واستخدم ""تحويل وإغلاق"" لاسترداد المبلغ المتبقي.",Échangé {fromAmount} → {toAmount}. Ouvrez le portefeuille de voyage et utilisez « Reconvertir et fermer » pour récupérer le solde restant.
backup_restore_dialog_body,,From: {date}\nSize: {size}\n\nThis will replace your current data. The app will need to restart.,من: {date}\nالحجم: {size}\n\nسيتم استبدال جميع بياناتك الحالية. يجب إعادة تشغيل التطبيق.,Du : {date}\nTaille : {size}\n\nCela remplacera vos données actuelles. L'application devra redémarrer.
backup_auto_every,,Backing up {frequency},نسخ احتياطي {frequency},Sauvegarde {frequency}
backup_last_auto_backup,,Last auto-backup: {date},آخر نسخ احتياطي تلقائي: {date},Dernière sauvegarde auto : {date}
recurring_form_category,,Category (optional),الفئة (اختياري),Catégorie (optionnel)
tx_detail_save_as_template,,Save as Template,حفظ كقالب,Enregistrer comme modèle
tx_detail_template_saved,,Template saved,تم حفظ القالب,Modèle enregistré
tx_detail_template_error,,Could not save template,تعذّر حفظ القالب,Impossible d'enregistrer le modèle
tile_arabic_digits,,Arabic-Indic Numerals,الأرقام العربية الهندية,Chiffres arabo-indiens
upgrade_title,,Upgrade to Premium,الترقية إلى بريميوم,Passer au Premium
upgrade_subtitle,,"Unlock every feature with a single purchase. No subscriptions, no ads.",افتح جميع الميزات بشراء واحد. بدون اشتراكات، بدون إعلانات.,"Débloquez toutes les fonctionnalités avec un seul achat. Sans abonnement, sans publicité."
upgrade_feature_sync,,Cloud Sync,المزامنة السحابية,Synchronisation cloud
upgrade_feature_web_companion,,Web Companion,الواجهة على الويب,Compagnon Web
upgrade_feature_bill_splitter,,Bill Splitter,تقسيم الفاتورة,Partage de facture
upgrade_feature_travel_exchange,,Travel Exchange,صرف السفر,Change de voyage
upgrade_feature_planned_payments,,Planned Payments,المدفوعات المخططة,Paiements planifiés
upgrade_feature_unlimited_items,,Unlimited accounts & envelopes,حسابات ومغلفات غير محدودة,Comptes et enveloppes illimités
upgrade_price,,$4.99,$4.99,"4,99 $"
upgrade_price_subtitle,,One-time purchase. Yours forever.,شراء لمرة واحدة. ملكك للأبد.,Achat unique. À vous pour toujours.
upgrade_button,,Upgrade,ترقية,Mettre à niveau
upgrade_coming_soon,,In-app purchases coming soon,الشراء داخل التطبيق قريبًا,Achats intégrés bientôt disponibles
upgrade_redeem_code,,Redeem Code,استخدام رمز,Utiliser un code
upgrade_redeem_hint,,Enter your code,أدخل الرمز,Entrez votre code
upgrade_redeem_button,,Redeem,استخدام,Utiliser
upgrade_redeem_invalid,,Invalid code. Please try again.,رمز غير صالح. يرجى المحاولة مرة أخرى.,Code invalide. Veuillez réessayer.
upgrade_redeem_success,,Code redeemed! Premium unlocked.,تم استخدام الرمز! تم فتح بريميوم.,Code utilisé ! Premium débloqué.
upgrade_restore_purchase,,Restore Purchase,استعادة الشراء,Restaurer l'achat
upgrade_restore_success,,Purchase restored! Premium unlocked.,تمت استعادة الشراء! تم فتح بريميوم.,Achat restauré ! Premium débloqué.
upgrade_restore_none,,No previous purchase found.,لم يتم العثور على شراء سابق.,Aucun achat précédent trouvé.
cat_sheet_search_hint,,Search categories...,بحث في الفئات...,Rechercher des catégories...
cat_sheet_subcategories,,{count} subcategories,{count} فئات فرعية,{count} sous-catégories
obj_summary_deadline,,Deadline,الموعد النهائي,Échéance
planned_note_hint,,Note (optional),ملاحظة (اختياري),Note (optionnel)
recurring_form_account_required,,Account is required,الحساب مطلوب,Le compte est requis
recurring_form_starts,,Starts: {date},تبدأ: {date},Début : {date}

# ──────────────────────────────────────────────,,,,
# ADDED FROM ARB (Oct 2026 audit sync),,,,
common_per_day,,{amount}/day,{amount}/يوم,{amount}/jour
commonNOfM,,{n} of {m},{n} من {m},{n} sur {m}
fund_amount_of_available,,{currency}: {amount} of {available},{currency}: {amount} من {available},{currency} : {amount} sur {available}
sync_no_sync_file,,No sync file found,لم يُعثر على ملف مزامنة,Aucun fichier de synchronisation trouvé
sync_err_needs_password,,The sync file is encrypted. Enter your sync password in Cloud Sync to read it.,ملف المزامنة مشفّر. أدخل كلمة مرور المزامنة في المزامنة السحابية لقراءته.,Le fichier de synchronisation est chiffré. Saisissez votre mot de passe de synchronisation dans Synchronisation cloud.
travel_exchange_note,,Travel exchange → {currency},صرف سفر ← {currency},Change de voyage → {currency}
travel_convert_back_note,,Travel convert back → {currency},إعادة تحويل السفر ← {currency},Reconversion de voyage → {currency}
health_unalloc_short,,Unallocated: {amount},غير مخصص: {amount},Non alloué : {amount}
reports_recurring_summary,,{count} active · {amount}/month,{count} نشطة · {amount}/شهريًا,{count} actives · {amount}/mois

# ──────────────────────────────────────────────,,,,
# ADDED FROM ARB (Oct 2026 audit sync),,,,
alloc_ready_to_assign,,Ready to assign,جاهز للتوزيع,Prêt à répartir
alloc_assign,,Assign,وزّع,Répartir
accent_gold,,Gold,ذهبي,Or
accent_wax,,Wax red,أحمر الختم,Rouge cire
accent_copper,,Copper,نحاسي,Cuivre
accent_sage,,Sage,أخضر مريمي,Sauge
accent_teal,,Teal,أزرق مخضر,Sarcelle
accent_sapphire,,Sapphire,ياقوتي,Saphir
accent_plum,,Plum,برقوقي,Prune
accent_rose,,Rose,وردي,Rose
accent_color_pair_hint,,"Each color has a bright tone for dark mode and a deeper one for light mode, so text stays readable in both.",لكل لون درجة زاهية للوضع الداكن وأخرى أعمق للوضع الفاتح، ليبقى النص مقروءًا في الوضعين.,"Chaque couleur a un ton vif pour le mode sombre et un ton plus profond pour le mode clair, pour un texte lisible dans les deux."

# ──────────────────────────────────────────────,,,,
# ADDED FROM ARB (Oct 2026 audit sync),,,,
alloc_entry_withdrawn,,Withdrawn,مسحوب,Retiré
alloc_entry_revaluation,,Revaluation,إعادة تقييم,Réévaluation
alloc_entry_moved,,Moved,منقول,Déplacé
fx_set_rate_title,,Rate for {currency},سعر {currency},Taux pour {currency}
fx_set_rate_hint,,Your rate is used for new transactions and reports until you switch back to the live rate.,يُستخدم سعرك للمعاملات الجديدة والتقارير حتى تعود إلى السعر المباشر.,Votre taux sert aux nouvelles transactions et aux rapports jusqu'au retour au taux en direct.
fx_use_live_rate,,Use live rate,السعر المباشر,Taux en direct
fx_base_label,,Base currency: {currency},العملة الأساسية: {currency},Devise de base : {currency}
fx_no_currencies,,Your budget uses only one currency. Add an account in another currency to see its rate here.,ميزانيتك تستخدم عملة واحدة فقط. أضف حساباً بعملة أخرى لترى سعرها هنا.,Votre budget n'utilise qu'une devise. Ajoutez un compte dans une autre devise pour voir son taux ici.
fx_no_rate_for,,No rate for {currency} yet — tap to set one,لا يوجد سعر لـ {currency} بعد — اضغط لتحديده,Pas encore de taux pour {currency} — touchez pour en définir un
fx_manual_tag,,Your rate,سعرك,Votre taux
fx_live_tag,,Live,مباشر,En direct
tile_exchange_rates_sub,,"Live rates, or set your own",أسعار مباشرة، أو حدّد سعرك,"Taux en direct, ou les vôtres"
alloc_archived_title,,Archived envelopes,الأظرف المؤرشفة,Enveloppes archivées
alloc_no_archived,,No archived envelopes.,لا توجد أظرف مؤرشفة.,Aucune enveloppe archivée.
alloc_unarchived,,{name} unarchived,تم إلغاء أرشفة {name},{name} désarchivée
tx_no_rate,,No rate,بلا سعر صرف,Pas de taux

# ──────────────────────────────────────────────,,,,
# ADDED FROM ARB (Oct 2026 audit sync),,,,
tmpl_edit_title,,Edit template,تعديل القالب,Modifier le modèle
tmpl_saved,,Template saved,تم حفظ القالب,Modèle enregistré
tx_af_add_title,,Add a title,أضف عنواناً,Ajouter un titre
tx_af_item_n,,Item {n},البند {n},Article {n}
tx_af_remove_item,,Remove item,إزالة البند,Retirer l'article
shortcut_add_transaction,,Add transaction,إضافة معاملة,Ajouter une transaction
shortcut_fund_envelopes,,Fund envelopes,تمويل الأظرف,Alimenter les enveloppes
shortcut_upcoming_bills,,Upcoming bills,الفواتير القادمة,Factures à venir
cat_sheet_recent,,Recent,الأخيرة,Récentes
tx_form_swap_accounts,,Swap accounts,تبديل الحسابين,Inverser les comptes
tx_form_save_and_new,,Save & new,حفظ وجديد,Enregistrer + nouveau

# ──────────────────────────────────────────────,,,,
# ADDED FROM ARB (Oct 2026 audit sync),,,,
tx_saved_envelope_left,,Saved · {envelope}: {amount} left,تم الحفظ · {envelope}: متبقٍ {amount},Enregistrée · {envelope} : reste {amount}
tx_saved_envelope_over,,Saved · {envelope} is over by {amount},تم الحفظ · {envelope} متجاوز بمقدار {amount},Enregistrée · {envelope} dépasse de {amount}
alloc_move_title,,Move money,نقل المال,Déplacer de l'argent
alloc_move_desc,,"Move money between envelopes, or back to Ready to assign.",انقل المال بين الأظرف، أو أعده إلى «جاهز للتوزيع».,"Déplacez de l'argent entre enveloppes, ou vers « Prêt à attribuer »."
alloc_cover_title,,Cover overspending,تغطية التجاوز,Couvrir le dépassement
alloc_cover_desc,,Take money from another envelope (or Ready to assign) to bring this one back to zero.,خذ مالاً من ظرف آخر (أو من «جاهز للتوزيع») لإعادة هذا الظرف إلى الصفر.,Prenez de l'argent d'une autre enveloppe (ou de « Prêt à attribuer ») pour ramener celle-ci à zéro.
alloc_move_from,,From,من,De
alloc_move_to,,To,إلى,Vers
alloc_move_button,,Move,نقل,Déplacer
alloc_cover_button,,Cover,تغطية,Couvrir
alloc_move_menu,,Move money,نقل المال,Déplacer de l'argent
alloc_move_not_enough,,{name} only has {amount}.,{name} فيه {amount} فقط.,{name} ne contient que {amount}.
alloc_moved_to,,Moved to {name},نُقل إلى {name},Déplacé vers {name}
alloc_moved_from,,Moved from {name},نُقل من {name},Déplacé depuis {name}
alloc_move_done,,Moved {amount} from {from} to {to},نُقل {amount} من {from} إلى {to},{amount} déplacé de {from} vers {to}

# ──────────────────────────────────────────────,,,,
# ADDED FROM ARB (Oct 2026 audit sync),,,,
tx_export_selected,,Export CSV,تصدير CSV,Exporter en CSV
common_see_all,,See all,عرض الكل,Tout voir
tx_all_months,,All months,كل الأشهر,Tous les mois
tx_select_all,,Select all,تحديد الكل,Tout sélectionner
tx_bulk_category,,Change category,تغيير الفئة,Changer la catégorie
tx_bulk_account,,Change account,تغيير الحساب,Changer le compte
tx_bulk_date,,Change date,تغيير التاريخ,Changer la date
tx_bulk_updated,,"{n, plural, =1{1 transaction updated} other{{n} transactions updated}}","{n, plural, =0{لم تُعدَّل أي معاملة} =1{عُدّلت معاملة واحدة} =2{عُدّلت معاملتان} few{عُدّلت {n} معاملات} many{عُدّلت {n} معاملة} other{عُدّلت {n} معاملة}}","{n, plural, =1{1 transaction modifiée} other{{n} transactions modifiées}}"
tx_bulk_skipped,,{n} skipped,تم تخطي {n},{n} ignorée(s)
tx_all_accounts,,All accounts,كل الحسابات,Tous les comptes
tx_all_categories,,All categories,كل الفئات,Toutes les catégories
tx_clear_all_filters,,Clear all filters,مسح كل عوامل التصفية,Effacer tous les filtres
tx_clear_all,,Clear all,مسح الكل,Tout effacer
tx_searching_all_months,,Showing all months,عرض كل الأشهر,Tous les mois affichés
